WK,SLPR_ID,PLAYER NAME,POS,AGE,TM,PRK_PPR,FPT_PPR,VS,VS_TM
1,9221,Jahmyr Gibbs,RB,24.5,DET,3,33.60,vs NO,NO
1,4984,Josh Allen,QB,30.3,BUF,2,35.66,@ HOU,HOU
1,9509,Bijan Robinson,RB,24.6,ATL,6,31.30,@ PIT,PIT
1,7564,Ja'Marr Chase,WR,26.5,CIN,87,3.20,vs TB,TB
1,9488,Jaxon Smith-Njigba,WR,24.6,SEA,6,26.20,vs NE,NE
1,9493,Puka Nacua,WR,25.3,LAR,27,12.40,vs SF,SF
1,11564,Drake Maye,QB,24.0,NE,23,12.82,@ SEA,SEA
1,7547,Amon-Ra St. Brown,WR,26.9,DET,4,28.70,vs NO,NO
1,11604,Brock Bowers,TE,23.8,LV,0.0,0.00,vs MIA,MIA
1,11560,Caleb Williams,QB,24.8,CHI,1.0,37.26,@ CAR,CAR
1,4881,Lamar Jackson,QB,29.7,BAL,7.0,24.96,@ IND,IND
1,6794,Justin Jefferson,WR,27.2,MIN,3.0,31.20,vs GB,GB
1,11632,Malik Nabers,WR,23.1,NYG,26.0,12.90,vs DAL,DAL
1,8130,Trey McBride,TE,26.8,ARI,2.0,24.50,@ LAC,LAC
1,12527,Ashton Jeanty,RB,22.8,LV,4.0,32.70,vs MIA,MIA
1,13287,Jeremiyah Love,RB,21.3,ARI,21.0,13.00,@ LAC,LAC
1,6770,Joe Burrow,QB,29.8,CIN,20.0,15.16,vs TB,TB
1,6786,CeeDee Lamb,WR,27.4,DAL,20.0,15.40,@ NYG,NYG
1,11566,Jayden Daniels,QB,25.7,WAS,14.0,17.66,@ PHI,PHI
1,12507,Omarion Hampton,RB,23.5,LAC,33.0,8.30,vs ARI,ARI
1,9226,De'Von Achane,RB,24.9,MIA,24.0,10.60,@ LV,LV
1,6797,Justin Herbert,QB,28.5,LAC,22.0,14.26,vs ARI,ARI
1,8112,Drake London,WR,25.2,ATL,70.0,5.50,@ PIT,PIT
1,8138,James Cook,RB,27.0,BUF,27.0,9.90,@ HOU,HOU
1,6813,Jonathan Taylor,RB,27.6,IND,8.0,25.10,vs BAL,BAL
1,7523,Trevor Lawrence,QB,26.9,JAX,5.0,26.10,vs CLE,CLE
1,12517,Colston Loveland,TE,22.4,CHI,999.0,0.00,@ CAR,CAR
1,8137,George Pickens,WR,25.5,DAL,63.0,5.80,@ NYG,NYG
1,12526,Tetairoa McMillan,WR,23.4,CAR,32.0,10.50,vs CHI,CHI
1,12514,Emeka Egbuka,WR,23.9,TB,29.0,11.30,@ CIN,CIN
1,11563,Bo Nix,QB,26.6,DEN,31.0,6.44,@ KC,KC
1,6904,Jalen Hurts,QB,28.1,PHI,8.0,24.72,vs WAS,WAS
1,12508,Jaxson Dart,QB,23.3,NYG,4.0,26.60,vs DAL,DAL
1,7569,Nico Collins,WR,27.5,HOU,8.0,21.20,vs BUF,BUF
1,9224,Chase Brown,RB,26.5,CIN,14.0,18.80,vs TB,TB
1,8144,Chris Olave,WR,26.2,NO,5.0,28.20,@ DET,DET
1,8151,Kenneth Walker III,RB,25.9,KC,2.0,34.10,vs DEN,DEN
1,4046,Patrick Mahomes,QB,31.0,KC,9.0,22.66,vs DEN,DEN
1,12518,Tyler Warren,TE,24.3,IND,14.0,10.30,vs BAL,BAL
1,11635,Ladd McConkey,WR,24.9,LAC,12.0,19.20,vs ARI,ARI
1,8183,Brock Purdy,QB,26.7,SF,10.0,22.10,@ LAR,LAR
1,8146,Garrett Wilson,WR,26.2,NYJ,23.0,13.90,@ TEN,TEN
1,12519,Luther Burden,WR,22.8,CHI,37.0,9.50,@ CAR,CAR
1,7525,DeVonta Smith,WR,27.8,PHI,46.0,8.30,vs WAS,WAS
1,9997,Zay Flowers,WR,26.0,BAL,7.0,26.00,@ IND,IND
1,8155,Breece Hall,RB,25.3,NYJ,13.0,19.80,@ TEN,TEN
1,4034,Christian McCaffrey,RB,30.3,SF,19.0,13.80,@ LAR,LAR
1,4866,Saquon Barkley,RB,29.6,PHI,30.0,9.00,vs WAS,WAS
1,6804,Jordan Love,QB,27.9,GB,11.0,20.48,@ MIN,MIN
1,13279,Carnell Tate,WR,21.6,TEN,52.0,7.80,vs NYJ,NYJ
1,13286,Jadarian Price,RB,22.9,SEA,37.0,7.80,vs NE,NE
1,13269,Fernando Mendoza,QB,23.0,LV,999.0,0.00,vs MIA,MIA
1,7526,Jaylen Waddle,WR,27.8,DEN,102.0,1.20,@ KC,KC
1,11620,Rome Odunze,WR,24.3,CHI,54.0,7.20,@ CAR,CAR
1,12512,Quinshon Judkins,RB,22.9,CLE,39.0,7.00,@ JAX,JAX
1,3294,Dak Prescott,QB,33.1,DAL,19.0,15.40,@ NYG,NYG
1,6801,Tee Higgins,WR,27.7,CIN,42.0,8.90,vs TB,TB
1,5859,A.J. Brown,WR,29.2,NE,66.0,5.60,@ SEA,SEA
1,9484,Tucker Kraft,TE,25.9,GB,18.0,9.50,@ MIN,MIN
1,10229,Rashee Rice,WR,26.4,KC,36.0,9.90,vs DEN,DEN
1,7588,Javonte Williams,RB,26.4,DAL,9.0,24.20,@ NYG,NYG
1,8150,Kyren Williams,RB,26.0,LAR,15.0,15.50,vs SF,SF
1,8148,Jameson Williams,WR,25.5,DET,45.0,8.50,vs NO,NO
1,9487,Parker Washington,WR,24.5,JAX,11.0,19.30,vs CLE,CLE
1,12545,Tyler Shough,QB,27.0,NO,6.0,25.20,@ DET,DET
1,13281,Jordyn Tyson,WR,22.1,NO,999.0,0.00,@ DET,DET
1,12529,TreVeyon Henderson,RB,23.9,NE,0.0,0.00,@ SEA,SEA
1,11628,Marvin Harrison Jr.,WR,24.1,ARI,78.0,4.30,@ LAC,LAC
1,12481,Cam Skattebo,RB,24.6,NYG,18.0,14.10,vs DAL,DAL
1,11584,Bucky Irving,RB,24.1,TB,12.0,20.30,@ CIN,CIN
1,3163,Jared Goff,QB,31.9,DET,17.0,16.44,vs NO,NO
1,4892,Baker Mayfield,QB,31.4,TB,27.0,11.64,@ CIN,CIN
1,12506,Harold Fannin,TE,22.2,CLE,32.0,4.10,@ JAX,JAX
1,13294,Makai Lemon,WR,22.3,PHI,91.0,2.50,vs WAS,WAS
1,7543,Travis Etienne,RB,27.6,NO,16.0,14.80,@ DET,DET
1,3198,Derrick Henry,RB,32.7,BAL,1.0,35.30,@ IND,IND
1,13298,KC Concepcion,WR,22.0,CLE,51.0,7.80,@ JAX,JAX
1,9758,C.J. Stroud,QB,25.0,HOU,16.0,16.46,vs BUF,BUF
1,10859,Sam LaPorta,TE,25.7,DET,17.0,9.80,vs NO,NO
1,11631,Brian Thomas Jr.,WR,23.9,JAX,58.0,7.00,vs CLE,CLE
1,12490,Bhayshul Tuten,RB,23.6,JAX,28.0,9.80,vs CLE,CLE
1,6790,D'Andre Swift,RB,27.7,CHI,5.0,32.40,@ CAR,CAR
1,12522,Cam Ward,QB,24.3,TEN,26.0,11.70,vs NYJ,NYJ
1,8167,Christian Watson,WR,27.4,GB,2.0,32.70,@ MIN,MIN
1,7553,Kyle Pitts,TE,25.9,ATL,999.0,0.00,@ PIT,PIT
1,4943,Sam Darnold,QB,29.3,SEA,36.0,0.52,vs NE,NE
1,4983,D.J. Moore,WR,29.4,BUF,9.0,21.00,@ HOU,HOU
1,13417,De'Zhaun Stribling,WR,23.7,SF,999.0,0.00,@ LAR,LAR
1,10232,Michael Wilson,WR,26.6,ARI,31.0,10.60,@ LAC,LAC
1,9228,Bryce Young,QB,25.1,CAR,3.0,32.44,vs CHI,CHI
1,5849,Kyler Murray,QB,29.1,MIN,35.0,0.62,vs GB,GB
1,12501,Matthew Golden,WR,23.1,GB,17.0,15.50,@ MIN,MIN
1,8142,Alec Pierce,WR,26.4,IND,34.0,10.10,vs BAL,BAL
1,421,Matthew Stafford,QB,38.6,LAR,32.0,5.10,vs SF,SF
1,9756,Jordan Addison,WR,24.6,MIN,999.0,0.00,vs GB,GB
1,8161,Malik Willis,QB,27.3,MIA,13.0,17.70,@ LV,LV
1,5870,Daniel Jones,QB,29.3,IND,28.0,10.04,vs BAL,BAL
1,5892,David Montgomery,RB,29.3,HOU,7.0,28.90,vs BUF,BUF
1,13330,Kenyon Sadiq,TE,21.5,NYJ,12.0,11.40,@ TEN,TEN
1,13275,Ty Simpson,QB,23.7,LAR,0.0,0.00,vs SF,SF
1,11583,Jonathon Brooks,RB,23.2,CAR,38.0,7.20,vs CHI,CHI
1,11586,Blake Corum,RB,25.8,LAR,41.0,5.40,vs SF,SF
1,13346,Denzel Boston,WR,22.8,CLE,24.0,13.90,@ JAX,JAX
1,9754,Quentin Johnston,WR,25.0,LAC,82.0,3.70,vs ARI,ARI
1,8131,Isaiah Likely,TE,26.4,NYG,1.0,27.80,vs DAL,DAL
1,9500,Josh Downs,WR,25.1,IND,65.0,5.70,vs BAL,BAL
1,7611,Rhamondre Stevenson,RB,28.6,NE,17.0,14.50,@ SEA,SEA
1,11646,Jalen Coker,WR,24.9,CAR,1.0,33.80,vs CHI,CHI
1,2133,Davante Adams,WR,33.7,LAR,67.0,5.60,vs SF,SF
1,5927,Terry McLaurin,WR,31.0,WAS,85.0,3.40,@ PHI,PHI
1,5846,DK Metcalf,WR,28.8,PIT,50.0,8.00,vs ATL,ATL
1,12534,Kyle Monangai,RB,24.3,CHI,11.0,20.40,@ CAR,CAR
1,10236,Dalton Kincaid,TE,26.9,BUF,5.0,18.00,@ HOU,HOU
1,12489,RJ Harvey,RB,25.6,DEN,34.0,8.10,@ KC,KC
1,8228,Jaylen Warren,RB,27.9,PIT,25.0,10.30,vs ATL,ATL
1,8126,Wan'Dale Robinson,WR,25.7,TEN,43.0,8.80,vs NYJ,NYJ
1,13276,Omar Cooper Jr.,WR,22.8,NYJ,80.0,4.00,@ TEN,TEN
1,2216,Mike Evans,WR,33.1,SF,14.0,16.90,@ LAR,LAR
1,10222,Jayden Reed,WR,26.4,GB,72.0,5.00,@ MIN,MIN
1,13414,Kaelon Black,RB,24.9,SF,35.0,8.00,@ LAR,LAR
1,13293,Ja'Kobi Lane,WR,22.1,BAL,93.0,2.10,@ IND,IND
1,13345,Jonah Coleman,RB,23.1,DEN,999.0,0.00,@ KC,KC
1,7594,Chuba Hubbard,RB,27.3,CAR,10.0,23.70,vs CHI,CHI
1,12533,Jacory Croskey-Merritt,RB,25.4,WAS,22.0,12.60,@ PHI,PHI
1,4217,George Kittle,TE,32.9,SF,41.0,3.20,@ LAR,LAR
1,6819,Michael Pittman,WR,29.0,PIT,44.0,8.80,vs ATL,ATL
1,13311,Chris Bell,WR,22.3,MIA,84.0,3.50,@ LV,LV
1,9753,Zach Charbonnet,RB,25.7,SEA,999.0,0.00,vs NE,NE
1,11581,MarShawn Lloyd,RB,25.7,GB,52.0,3.70,@ MIN,MIN
1,13305,Mike Washington Jr.,RB,23.2,LV,47.0,4.10,vs MIA,MIA
1,4037,Chris Godwin,WR,30.6,TB,47.0,8.30,@ CIN,CIN
1,7021,Rico Dowdle,RB,28.2,PIT,48.0,4.10,vs ATL,ATL
1,13285,Malachi Fields,WR,23.0,NYG,77.0,4.50,vs DAL,DAL
1,11624,Xavier Worthy,WR,23.4,KC,73.0,4.80,vs DEN,DEN
1,6806,J.K. Dobbins,RB,27.8,DEN,53.0,3.60,@ KC,KC
1,12487,Terrance Ferguson,TE,23.5,LAR,999.0,0.00,vs SF,SF
1,12484,Jayden Higgins,WR,23.8,HOU,999.0,0.00,vs BUF,BUF
1,5045,Courtland Sutton,WR,30.9,DEN,89.0,3.10,@ KC,KC
1,8408,Jordan Mason,RB,27.3,MIN,23.0,11.90,vs GB,GB
1,8110,Jake Ferguson,TE,27.7,DAL,44.0,2.60,@ NYG,NYG
1,7567,Kenneth Gainwell,RB,27.5,TB,61.0,2.80,@ CIN,CIN
1,9480,Brenton Strange,TE,25.7,JAX,15.0,10.30,vs CLE,CLE
1,5850,Josh Jacobs,RB,28.6,GB,999.0,0.00,@ MIN,MIN
1,13349,Eli Stowers,TE,23.4,PHI,999.0,0.00,vs WAS,WAS
1,13296,Caleb Douglas,WR,23.0,MIA,22.0,14.40,@ LV,LV
1,8132,Tyler Allgeier,RB,26.4,ARI,29.0,9.00,@ LAC,LAC
1,11618,Jalen McMillan,WR,24.8,TB,0.0,0.00,@ CIN,CIN
1,8121,Romeo Doubs,WR,26.4,NE,999.0,0.00,@ SEA,SEA
1,13301,Antonio Williams,WR,22.2,WAS,16.0,16.40,@ PHI,PHI
1,8134,Khalil Shakir,WR,26.6,BUF,41.0,9.00,@ HOU,HOU
1,12493,Oronde Gadsden,TE,23.2,LAC,28.0,5.20,vs ARI,ARI
1,5947,Jakobi Meyers,WR,29.8,JAX,28.0,12.20,vs CLE,CLE
1,13274,Germie Bernard,WR,22.8,PIT,999.0,0.00,vs ATL,ATL
1,12474,Woody Marks,RB,25.7,HOU,42.0,5.00,vs BUF,BUF
1,13337,Emmett Johnson,RB,22.9,KC,32.0,8.80,vs DEN,DEN
1,13272,Carson Beck,QB,24.8,ARI,0.0,0.00,@ LAC,LAC
1,9504,Kayshon Boutte,WR,24.4,HOU,88.0,3.10,vs BUF,BUF
1,13413,Cyrus Allen,WR,23.6,KC,999.0,0.00,vs DEN,DEN
1,5967,Tony Pollard,RB,29.4,TEN,44.0,4.40,vs NYJ,NYJ
1,11559,Michael Penix Jr.,QB,26.4,ATL,0.0,0.00,@ PIT,PIT
1,5022,Dallas Goedert,TE,31.7,PHI,3.0,23.70,vs WAS,WAS
1,12492,Pat Bryant,WR,23.8,DEN,48.0,8.20,@ KC,KC
1,12530,Travis Hunter,WR,23.3,JAX,999.0,2.10,vs CLE,CLE
1,2449,Stefon Diggs,WR,32.8,WAS,19.0,15.50,@ PHI,PHI
1,10219,Chris Rodriguez,RB,26.0,JAX,62.0,2.30,vs CLE,CLE
1,5012,Mark Andrews,TE,31.0,BAL,20.0,8.90,@ IND,IND
1,8676,Rashid Shaheed,WR,28.0,SEA,100.0,1.40,vs NE,NE
1,8136,Rachaad White,RB,27.7,WAS,43.0,4.70,@ PHI,PHI
1,9511,Keaton Mitchell,RB,24.7,LAC,69.0,0.90,vs ARI,ARI
1,11603,AJ Barner,TE,24.4,SEA,39.0,3.30,vs NE,NE
1,13320,Zachariah Branch,WR,22.5,ATL,999.0,0.00,@ PIT,PIT
1,13288,Nicholas Singleton,RB,22.7,TEN,0.0,0.00,vs NYJ,NYJ
1,7002,Juwan Johnson,TE,30.0,NO,7.0,14.40,@ DET,DET
1,13317,Ted Hurst,WR,22.2,TB,59.0,6.60,@ CIN,CIN
1,11610,Malik Washington,WR,25.7,MIA,61.0,6.30,@ LV,LV
1,9486,Dontayvion Wicks,WR,25.2,PHI,21.0,15.30,vs WAS,WAS
1,11576,Braelon Allen,RB,22.6,NYJ,50.0,4.00,@ TEN,TEN
1,11625,Adonai Mitchell,WR,23.9,NYJ,40.0,9.00,@ TEN,TEN
1,8210,Chigoziem Okonkwo,TE,27.0,WAS,36.0,3.60,@ PHI,PHI
1,5844,T.J. Hockenson,TE,29.2,MIN,9.0,13.60,vs GB,GB
1,9508,Tyjae Spears,RB,25.2,TEN,45.0,4.40,vs NYJ,NYJ
1,12469,Dylan Sampson,RB,22.0,CLE,999.0,0.00,@ JAX,JAX
1,12509,Tre Harris,WR,24.6,LAC,71.0,5.00,vs ARI,ARI
1,9482,Michael Mayer,TE,25.2,LV,19.0,9.20,vs MIA,MIA
1,11638,Ricky Pearsall,WR,26.0,SF,999.0,0.00,@ LAR,LAR
1,3257,Jacoby Brissett,QB,33.8,ARI,15.0,16.48,@ LAC,LAC
1,1466,Travis Kelce,TE,37.0,KC,16.0,10.10,vs DEN,DEN
1,9225,Tank Bigsby,RB,25.0,PHI,74.0,0.30,vs WAS,WAS
1,10213,Tre Tucker,WR,25.5,LV,74.0,4.70,vs MIA,MIA
1,13289,Drew Allar,QB,22.5,PIT,0.0,0.00,vs ATL,ATL
1,5872,Deebo Samuel,WR,30.7,SF,13.0,18.00,@ LAR,LAR
1,12536,Jaylin Noel,WR,24.0,HOU,53.0,7.30,vs BUF,BUF
1,13421,Eli Raridon,TE,22.6,NE,22.0,7.20,@ SEA,SEA
1,13268,Elijah Sarratt,WR,23.3,BAL,0.0,0.00,@ IND,IND
1,8180,Jalen Nailor,WR,27.5,LV,64.0,5.70,vs MIA,MIA
1,13405,Kaytron Allen,RB,23.7,WAS,64.0,1.60,@ PHI,PHI
1,12504,Kaleb Johnson,RB,23.1,GB,999.0,0.00,@ MIN,MIN
1,12502,Gunnar Helm,TE,24.0,TEN,24.0,6.80,vs NYJ,NYJ
1,12535,Isaac TeSlaa,WR,24.6,DET,999.0,0.00,vs NO,NO
1,9502,Tank Dell,WR,26.9,HOU,999.0,0.00,vs BUF,BUF
1,3214,Hunter Henry,TE,31.8,NE,25.0,5.60,@ SEA,SEA
1,12524,Shedeur Sanders,QB,24.6,CLE,999.0,0.00,@ JAX,JAX
1,11627,Troy Franklin,WR,23.6,DEN,106.0,0.50,@ KC,KC
1,12521,Elijah Arroyo,TE,23.4,SEA,999.0,0.00,vs NE,NE
1,8154,Brian Robinson,RB,27.5,ATL,55.0,3.10,@ PIT,PIT
1,12497,Tory Horton,WR,23.8,SEA,0.0,0.00,vs NE,NE
1,7527,Mac Jones,QB,28.0,SF,999.0,0.00,@ LAR,LAR
1,12483,Jack Bech,WR,23.7,LV,30.0,11.30,vs MIA,MIA
1,13402,Skyler Bell,WR,24.2,BUF,999.0,0.00,@ HOU,HOU
1,13347,Demond Claiborne,RB,22.9,MIN,0.0,0.00,vs GB,GB
1,8172,Greg Dulcich,TE,26.5,MIA,35.0,3.80,@ LV,LV
1,11637,Keon Coleman,WR,23.3,BUF,103.0,1.10,@ HOU,HOU
1,5001,Dalton Schultz,TE,30.2,HOU,21.0,7.50,vs BUF,BUF
1,12547,Kyle Williams,WR,23.8,NE,999.0,0.00,@ SEA,SEA
1,12499,Elic Ayomanor,WR,23.3,TEN,49.0,8.10,vs NYJ,NYJ
1,12498,Mason Taylor,TE,22.4,NYJ,53.0,1.80,@ TEN,TEN
1,13411,Zavion Thomas,WR,22.6,CHI,999.0,0.00,@ CAR,CAR
1,11643,Jaylen Wright,RB,23.5,MIA,77.0,-0.10,@ LV,LV
1,4199,Aaron Jones,RB,31.8,MIN,26.0,10.00,vs GB,GB
1,7049,Jauan Jennings,WR,29.2,MIN,999.0,0.00,vs GB,GB
1,7600,Pat Freiermuth,TE,27.9,PIT,6.0,15.60,vs ATL,ATL
1,13353,Chris Brazzell II,WR,22.9,CAR,999.0,0.00,vs CHI,CHI
1,1373,Geno Smith,QB,35.9,NYJ,29.0,9.30,@ TEN,TEN
1,6783,Jerry Jeudy,WR,27.4,CLE,76.0,4.60,@ JAX,JAX
1,8111,Cade Otton,TE,27.4,TB,26.0,5.60,@ CIN,CIN
1,11655,Tyrone Tracy,RB,26.8,NYG,78.0,-0.60,vs DAL,DAL
1,13278,Max Klare,TE,23.2,LAR,0.0,0.00,vs SF,SF
1,9501,Demario Douglas,WR,25.8,NE,57.0,7.00,@ SEA,SEA
1,11647,Kimani Vidal,RB,25.0,LAC,999.0,0.00,vs ARI,ARI
1,13319,Oscar Delp,TE,23.1,NO,0.0,0.00,@ DET,DET
1,13302,Adam Randall,RB,22.2,BAL,999.0,0.00,@ IND,IND
1,12510,Jalen Milroe,QB,23.8,SEA,0.0,0.00,vs NE,NE
1,13303,Cade Klubnik,QB,22.9,NYJ,999.0,0.00,@ TEN,TEN
1,11783,Ryan Flournoy,WR,26.9,DAL,79.0,4.20,@ NYG,NYG
1,12467,Jordan James,RB,22.5,SF,0.0,0.00,@ LAR,LAR
1,12495,Ollie Gordon,RB,22.7,MIA,999.0,0.00,@ LV,LV
1,6768,Tua Tagovailoa,QB,28.5,ATL,0.0,0.00,@ PIT,PIT
1,11565,J.J. McCarthy,QB,23.6,MIN,0.0,0.00,vs GB,GB
1,4033,David Njoku,TE,30.2,LAC,13.0,10.80,vs ARI,ARI
1,9506,Sean Tucker,RB,24.9,TB,0.0,0.00,@ CIN,CIN
1,12540,Chimere Dike,WR,24.8,TEN,108.0,-0.30,vs NYJ,NYJ
1,1166,Kirk Cousins,QB,38.1,LV,18.0,15.80,vs MIA,MIA
1,9494,Marvin Mims,WR,24.5,DEN,999.0,0.00,@ KC,KC
1,11575,Ray Davis,RB,26.8,BUF,73.0,0.30,@ HOU,HOU
1,8800,Malik Davis,RB,27.8,DAL,999.0,0.00,@ NYG,NYG
1,7571,Rashod Bateman,WR,26.8,BAL,999.0,0.00,@ IND,IND
1,11834,Devaughn Vele,WR,28.8,NO,10.0,19.90,@ DET,DET
1,12485,Tez Johnson,WR,24.3,TB,109.0,-0.40,@ CIN,CIN
1,9229,Anthony Richardson,QB,24.3,IND,999.0,0.00,vs BAL,BAL
1,13338,Kevin Coleman,WR,23.0,MIA,999.0,0.00,@ LV,LV
1,10218,Xavier Hutchinson,WR,26.3,HOU,62.0,6.20,vs BUF,BUF
1,12544,LeQuint Allen,RB,22.1,JAX,999.0,0.00,vs CLE,CLE
1,12641,Jaylin Lane,WR,24.4,WAS,101.0,1.40,@ PHI,PHI
1,6826,Cole Kmet,TE,27.5,CHI,11.0,11.50,@ CAR,CAR
1,13420,Bryce Lance,WR,24.1,NO,55.0,7.20,@ DET,DET
1,12048,George Holani,RB,26.8,SEA,56.0,2.90,vs NE,NE
1,13425,Jalon Daniels,QB,23.9,TB,999.0,0.00,@ CIN,CIN
1,6865,Colby Parkinson,TE,27.7,LAR,56.0,1.60,vs SF,SF
1,11597,Theo Johnson,TE,25.6,NYG,50.0,1.90,vs DAL,DAL
1,13424,Seth McGowan,RB,24.9,IND,68.0,1.00,vs BAL,BAL
1,96,Aaron Rodgers,QB,42.8,PIT,25.0,12.54,vs ATL,ATL
1,8205,Isiah Pacheco,RB,27.5,DET,999.0,0.00,vs NO,NO
1,12503,Isaiah Bond,WR,22.5,CLE,999.0,0.00,@ JAX,JAX
1,8698,Jake Tonges,TE,27.2,SF,999.0,0.00,@ LAR,LAR
1,12531,Trevor Etienne,RB,22.2,CAR,999.0,0.00,vs CHI,CHI
1,9757,Kendre Miller,RB,24.3,NO,31.0,9.00,@ DET,DET
1,11571,Isaiah Davis,RB,24.6,NYJ,999.0,0.00,@ TEN,TEN
1,4035,Alvin Kamara,RB,31.1,NO,0.0,0.00,@ DET,DET
1,9479,Darnell Washington,TE,25.1,PIT,34.0,3.80,vs ATL,ATL
1,13533,Barion Brown,WR,22.8,NO,107.0,0.30,@ DET,DET
1,13380,Brenen Thompson,WR,23.1,LAC,999.0,0.00,vs ARI,ARI
1,12471,DJ Giddens,RB,23.0,IND,0.0,0.00,vs BAL,BAL
1,7528,Najee Harris,RB,28.5,NYG,0.0,0.00,vs DAL,DAL
1,11370,Chris Brooks,RB,26.7,GB,58.0,2.90,@ MIN,MIN
1,1479,Keenan Allen,WR,34.4,IND,38.0,9.20,vs BAL,BAL
1,12541,Dont'e Thornton,WR,23.8,LV,999.0,0.00,vs MIA,MIA
1,7090,Darnell Mooney,WR,28.9,NYG,75.0,4.70,vs DAL,DAL
1,5854,Drew Lock,QB,29.8,SEA,24.0,12.78,vs NE,NE
1,11626,Xavier Legette,WR,25.6,CAR,999.0,0.00,vs CHI,CHI
1,12455,Brashard Smith,RB,23.4,KC,999.0,0.00,vs DEN,DEN
1,13329,Malik Benson,WR,23.9,LV,105.0,0.80,vs MIA,MIA
1,11630,Roman Wilson,WR,25.2,PIT,68.0,5.60,vs ATL,ATL
1,11600,Ja'Tavion Sanders,TE,23.5,CAR,0.0,0.00,vs CHI,CHI
1,8188,Tyquan Thornton,WR,26.1,KC,999.0,0.00,vs DEN,DEN
1,13306,Taylen Green,QB,23.9,CLE,0.0,0.00,@ JAX,JAX
1,12511,Will Howard,QB,25.0,PIT,0.0,0.00,vs ATL,ATL
1,4066,Evan Engram,TE,32.0,DEN,8.0,14.30,@ KC,KC
1,11589,Trey Benson,RB,24.2,ARI,999.0,0.00,@ LAC,LAC
1,10235,Roschon Johnson,RB,25.6,CHI,999.0,0.00,@ CAR,CAR
1,7591,Justin Fields,QB,27.5,KC,999.0,0.00,vs DEN,DEN
1,13423,Eli Heidenreich,RB,23.2,PIT,999.0,0.00,vs ATL,ATL
1,12505,Jalen Royals,WR,23.6,KC,999.0,0.00,vs DEN,DEN
1,4039,Cooper Kupp,WR,33.2,SEA,69.0,5.50,vs NE,NE
1,8119,Jahan Dotson,WR,26.5,ATL,90.0,2.90,@ PIT,PIT
1,5906,Dawson Knox,TE,29.8,BUF,55.0,1.70,@ HOU,HOU
1,3161,Carson Wentz,QB,33.7,MIN,12.0,19.22,vs GB,GB
1,4950,Christian Kirk,WR,29.8,SF,999.0,0.00,@ LAR,LAR
1,5995,Justice Hill,RB,28.8,BAL,51.0,3.80,@ IND,IND
1,4017,Deshaun Watson,QB,31.0,CLE,21.0,15.00,@ JAX,JAX
1,11435,Emanuel Wilson,RB,27.4,SEA,72.0,0.30,vs NE,NE
1,13400,Justin Joly,TE,22.2,MIA,0.0,0.00,@ LV,LV
1,10226,Andrei Iosivas,WR,26.9,CIN,86.0,3.20,vs TB,TB
1,8117,Jalen Tolbert,WR,27.6,MIA,0.0,0.00,@ LV,LV
1,4981,Calvin Ridley,WR,31.7,TEN,999.0,0.00,vs NYJ,NYJ
1,9481,Luke Musgrave,TE,26.0,GB,999.0,0.00,@ MIN,MIN
1,8127,Charlie Kolar,TE,27.6,LAC,999.0,0.00,vs ARI,ARI
1,11557,Joe Milton,QB,26.5,DAL,999.0,0.00,@ NYG,NYG
1,12482,Savion Williams,WR,24.8,GB,999.0,0.00,@ MIN,MIN
1,12543,Tahj Brooks,RB,24.3,CIN,999.0,0.00,vs TB,TB
1,13602,Jack Strand,QB,22.2,ATL,999.0,0.00,@ PIT,PIT
1,11596,Ben Sinnott,TE,24.2,WAS,999.0,0.00,@ PHI,PHI
1,7670,Joshua Palmer,WR,27.0,BUF,33.0,10.40,@ HOU,HOU
1,11577,Will Shipley,RB,24.0,PHI,63.0,2.20,vs WAS,WAS
1,13404,Garrett Nussmeier,QB,24.6,KC,0.0,0.00,vs DEN,DEN
1,11579,Audric Estime,RB,23.0,NO,999.0,0.00,@ DET,DET
1,12500,Quinn Ewers,QB,23.3,JAX,0.0,0.00,vs CLE,CLE
1,11237,Jacob Saylors,RB,25.5,DET,999.0,0.00,vs NO,NO
1,11592,Erick All,TE,26.0,CIN,999.0,0.00,vs TB,TB
1,11650,Luke McCaffrey,WR,25.4,WAS,0.0,0.00,@ PHI,PHI
1,12470,Riley Leonard,QB,24.0,IND,0.0,0.00,vs BAL,BAL
1,7562,Tutu Atwell,WR,26.9,LAR,0.0,0.00,vs SF,SF
1,12523,Jimmy Horn,WR,24.0,CAR,110.0,-2.00,vs CHI,CHI
1,11569,Jarquez Hunter,RB,23.7,MIA,999.0,0.00,@ LV,LV
1,8135,Treylon Burks,WR,26.5,WAS,0.0,0.00,@ PHI,PHI
1,11562,Spencer Rattler,QB,26.0,NO,999.0,0.00,@ DET,DET
1,13333,Deion Burks,WR,23.7,IND,999.0,0.00,vs BAL,BAL
1,7828,Noah Gray,TE,27.4,KC,58.0,1.50,vs DEN,DEN
1,11623,Jordan Whittington,WR,26.0,LAR,96.0,1.80,vs SF,SF
1,12476,Devin Neal,RB,23.1,FA,0.0,0.00,NA,NA
1,8147,John Metchie,WR,26.2,CAR,0.0,0.00,vs CHI,CHI
1,4137,James Conner,RB,31.4,ARI,999.0,0.00,@ LAC,LAC
1,13307,Marlin Klein,TE,24.0,HOU,43.0,2.60,vs BUF,BUF
1,4993,Mike Gesicki,TE,31.0,CIN,4.0,18.80,vs TB,TB
1,12496,Tai Felton,WR,23.5,MIN,999.0,0.00,vs GB,GB
1,11256,Tyson Bagent,QB,26.3,CHI,0.0,0.00,@ CAR,CAR
1,13324,Matthew Hibner,TE,24.5,BAL,47.0,2.30,@ IND,IND
1,12670,KeAndre Lambert-Smith,WR,24.9,LAC,999.0,0.00,vs ARI,ARI
1,13079,Jahdae Walker,WR,24.2,CHI,56.0,7.10,@ CAR,CAR
1,13477,Colbie Young,WR,24.2,CIN,999.0,0.00,vs TB,TB
1,13270,CJ Daniels,WR,24.7,LAR,0.0,0.00,vs SF,SF
1,5857,Noah Fant,TE,28.8,NO,10.0,13.30,@ DET,DET
1,11199,Emari Demercado,RB,27.6,DAL,71.0,0.70,@ NYG,NYG
1,8225,Daniel Bellinger,TE,26.0,TEN,54.0,1.70,vs NYJ,NYJ
1,11629,Devontez Walker,WR,25.2,BAL,0.0,0.00,@ IND,IND
1,12457,Jaydon Blue,RB,22.7,PHI,999.0,0.00,vs WAS,WAS
1,6039,Ty Johnson,RB,29.0,BUF,0.0,0.00,@ HOU,HOU
1,5848,Marquise Brown,WR,29.3,PHI,999.0,0.00,vs WAS,WAS
1,2505,Darren Waller,TE,34.0,CAR,30.0,4.80,vs CHI,CHI
1,10444,Cedric Tillman,WR,26.4,NO,999.0,0.00,@ DET,DET
1,6271,Olamide Zaccheaus,WR,29.2,ATL,99.0,1.50,@ PIT,PIT
1,11599,Cade Stover,TE,26.3,HOU,63.0,0.80,vs BUF,BUF
1,11994,Kameron Johnson,WR,24.5,TB,999.0,0.00,@ CIN,CIN
1,2306,Jameis Winston,QB,32.7,NYG,999.0,0.00,vs DAL,DAL
1,7694,Tommy Tremble,TE,26.3,CAR,27.0,5.50,vs CHI,CHI
1,4454,Kendrick Bourne,WR,31.1,ARI,18.0,15.50,@ LAC,LAC
1,7587,Dyami Brown,WR,26.9,WAS,999.0,0.00,@ PHI,PHI
1,12472,Raheim Sanders,RB,24.3,CLE,40.0,5.60,@ JAX,JAX
1,3271,Tyler Higbee,TE,33.7,LAR,62.0,1.20,vs SF,SF
1,13282,Jack Endries,TE,22.5,CIN,0.0,0.00,vs TB,TB
1,11651,Isaac Guerendo,RB,26.2,SF,999.0,0.00,@ LAR,LAR
1,7596,Elijah Moore,WR,26.5,PHI,0.0,0.00,vs WAS,WAS
1,6130,Devin Singletary,RB,29.0,NYG,20.0,13.80,vs DAL,DAL
1,11616,Jacob Cowing,WR,25.6,SF,999.0,0.00,@ LAR,LAR
1,13408,Tanner Koziol,TE,23.6,JAX,0.0,0.00,vs CLE,CLE
1,12634,Jordan Watkins,WR,24.6,SF,0.0,0.00,@ LAR,LAR
1,11617,Malachi Corley,WR,24.5,CLE,999.0,0.00,@ JAX,JAX
1,12718,Konata Mumpfield,WR,23.9,LAR,999.0,0.00,vs SF,SF
1,9492,Trey Palmer,WR,25.4,NO,999.0,0.00,@ DET,DET
1,13401,Michael Trigg,TE,24.2,DAL,999.0,0.00,@ NYG,NYG
1,11570,Rasheen Ali,RB,25.6,BAL,999.0,0.00,@ IND,IND
1,12486,Dillon Gabriel,QB,25.7,CLE,999.0,0.00,@ JAX,JAX
1,7585,Davis Mills,QB,27.9,HOU,999.0,0.00,vs BUF,BUF
1,7083,Tyler Huntley,QB,28.6,BAL,999.0,0.00,@ IND,IND
1,10225,Jonathan Mingo,WR,25.4,DAL,94.0,2.00,@ NYG,NYG
1,5970,Greg Dortch,WR,28.3,BUF,999.0,0.00,@ HOU,HOU
1,11439,Jaleel McLaughlin,RB,26.0,CLE,999.0,0.00,@ JAX,JAX
1,8125,Calvin Austin III,WR,27.5,NYG,999.0,0.00,vs DAL,DAL
1,13348,J'Mari Taylor,RB,24.6,JAX,999.0,0.00,vs CLE,CLE
1,12520,Xavier Restrepo,WR,24.4,TEN,999.0,0.00,vs NYJ,NYJ
1,12473,Mitchell Evans,TE,23.5,CAR,51.0,1.90,vs CHI,CHI
1,9497,Jalin Hyatt,WR,25.0,NYG,999.0,0.00,vs DAL,DAL
1,6943,Gabriel Davis,WR,27.5,FA,0.0,0.00,NA,NA
1,4177,Mack Hollins,WR,33.0,NE,39.0,9.10,@ SEA,SEA
1,10871,Luke Schoonmaker,TE,28.0,DAL,48.0,2.20,@ NYG,NYG
1,12542,Efton Chism,WR,24.9,NE,0.0,0.00,@ SEA,SEA
1,12516,Kalel Mullings,RB,24.0,TEN,999.0,0.00,vs NYJ,NYJ
1,13322,Sam Roush,TE,23.0,CHI,999.0,0.00,@ CAR,CAR
1,9230,Tanner McKee,QB,26.4,PHI,0.0,0.00,vs WAS,WAS
1,6149,Darius Slayton,WR,29.7,FA,0.0,0.00,NA,NA
1,11729,Sione Vaki,RB,25.1,DET,59.0,2.80,vs NO,NO
1,8162,Sam Howell,QB,26.0,DAL,999.0,0.00,@ NYG,NYG
1,4147,Samaje Perine,RB,31.0,CIN,36.0,8.00,vs TB,TB
1,10231,Elijah Higgins,TE,25.9,ARI,999.0,0.00,@ LAC,LAC
1,8917,KaVontae Turpin,WR,30.1,DAL,97.0,1.80,@ NYG,NYG
1,8118,David Bell,WR,25.8,FA,0.0,0.00,NA,NA
1,3321,Tyreek Hill,WR,32.5,FA,0.0,0.00,NA,NA
1,8122,Bam Knight,RB,25.4,ARI,999.0,0.00,@ LAC,LAC
1,8129,Dameon Pierce,RB,26.6,PHI,999.0,0.00,vs WAS,WAS
1,10214,Davis Allen,TE,25.6,LAR,46.0,2.30,vs SF,SF
1,9227,Israel Abanikanda,RB,24.0,DAL,0.0,0.00,@ NYG,NYG
1,11645,Javon Baker,WR,24.6,FA,0.0,0.00,NA,NA
1,11595,Jared Wiley,TE,25.9,KC,0.0,0.00,vs DEN,DEN
1,8207,Tyler Goodson,RB,25.8,DAL,999.0,0.00,@ NYG,NYG
1,2307,Marcus Mariota,QB,32.9,WAS,999.0,0.00,@ PHI,PHI
1,12539,Arian Smith,WR,24.9,NYJ,999.0,0.00,@ TEN,TEN
1,8208,Tyler Badie,RB,26.6,DEN,0.0,0.00,@ KC,KC
1,6803,Brandon Aiyuk,WR,28.5,SF,999.0,0.00,@ LAR,LAR
1,7496,Nick Westbrook-Ikhine,WR,29.5,IND,999.0,0.00,vs BAL,BAL
1,8168,Skyy Moore,WR,26.0,GB,999.0,0.00,@ MIN,MIN
1,8160,Kenny Pickett,QB,28.3,CAR,33.0,2.40,vs CHI,CHI
1,6011,Gardner Minshew,QB,30.3,ARI,999.0,0.00,@ LAC,LAC
1,7610,Trey Lance,QB,26.4,LAC,999.0,0.00,vs ARI,ARI
1,4574,Cooper Rush,QB,,ATL,30.0,7.72,@ PIT,PIT
1,13300,Le'Veon Moss,RB,23.8,UD,0.0,0.00,NA,NA
1,7568,Brevin Jordan,TE,26.2,HOU,999.0,0.00,vs BUF,BUF
1,3634,Kalif Raymond,WR,32.1,CHI,15.0,16.40,@ CAR,CAR
1,11895,Mason Tipton,WR,26.0,NO,999.0,0.00,@ DET,DET
1,12462,Damien Martinez,RB,22.6,FA,0.0,0.00,NA,NA
2,9221,Jahmyr Gibbs,RB,24.5,DET,3,23.30,@ BUF,BUF
2,4984,Josh Allen,QB,30.3,BUF,1,40.82,vs DET,DET
2,9509,Bijan Robinson,RB,24.6,ATL,20,11.10,vs CAR,CAR
2,7564,Ja'Marr Chase,WR,26.5,CIN,6,26.50,@ HOU,HOU
2,9488,Jaxon Smith-Njigba,WR,24.6,SEA,1,42.50,@ ARI,ARI
2,9493,Puka Nacua,WR,25.3,LAR,0,0.00,vs NYG,NYG
2,11564,Drake Maye,QB,24.0,NE,25,9.02,vs PIT,PIT
2,7547,Amon-Ra St. Brown,WR,26.9,DET,4,35.20,@ BUF,BUF
2,11604,Brock Bowers,TE,23.8,LV,0,0.00,@ LAC,LAC
2,11560,Caleb Williams,QB,24.8,CHI,27,8.72,vs MIN,MIN
2,4881,Lamar Jackson,QB,29.7,BAL,16,15.80,vs NO,NO
2,6794,Justin Jefferson,WR,27.2,MIN,43,8.50,@ CHI,CHI
2,11632,Malik Nabers,WR,23.1,NYG,116,1.10,@ LAR,LAR
2,8130,Trey McBride,TE,26.8,ARI,6,18.10,vs SEA,SEA
2,12527,Ashton Jeanty,RB,22.8,LV,23,10.30,@ LAC,LAC
2,13287,Jeremiyah Love,RB,21.3,ARI,36,7.50,vs SEA,SEA
2,6770,Joe Burrow,QB,29.8,CIN,15,16.18,@ HOU,HOU
2,6786,CeeDee Lamb,WR,27.4,DAL,3,35.30,vs WAS,WAS
2,11566,Jayden Daniels,QB,25.7,WAS,19,14.74,@ DAL,DAL
2,12507,Omarion Hampton,RB,23.5,LAC,7,17.50,vs LV,LV
2,9226,De'Von Achane,RB,24.9,MIA,17,12.30,@ SF,SF
2,6797,Justin Herbert,QB,28.5,LAC,24,9.88,vs LV,LV
2,8112,Drake London,WR,25.2,ATL,39,8.90,vs CAR,CAR
2,8138,James Cook,RB,27.0,BUF,5,20.90,vs DET,DET
2,6813,Jonathan Taylor,RB,27.6,IND,1,29.20,@ KC,KC
2,7523,Trevor Lawrence,QB,26.9,JAX,29,7.16,@ DEN,DEN
2,12517,Colston Loveland,TE,22.4,CHI,55,1.30,vs MIN,MIN
2,8137,George Pickens,WR,25.5,DAL,34,10.00,vs WAS,WAS
2,12526,Tetairoa McMillan,WR,23.4,CAR,16,15.10,@ ATL,ATL
2,12514,Emeka Egbuka,WR,23.9,TB,33,10.30,vs CLE,CLE
2,11563,Bo Nix,QB,26.6,DEN,18,15.12,vs JAX,JAX
2,6904,Jalen Hurts,QB,28.1,PHI,13,18.16,@ TEN,TEN
2,12508,Jaxson Dart,QB,23.3,NYG,36,0.80,@ LAR,LAR
2,7569,Nico Collins,WR,27.5,HOU,0,0.00,vs CIN,CIN
2,9224,Chase Brown,RB,26.5,CIN,19,11.20,@ HOU,HOU
2,8144,Chris Olave,WR,26.2,NO,8,22.60,@ BAL,BAL
2,8151,Kenneth Walker III,RB,25.9,KC,2,23.80,vs IND,IND
2,4046,Patrick Mahomes,QB,31.0,KC,4,28.98,vs IND,IND
2,12518,Tyler Warren,TE,24.3,IND,10,14.40,@ KC,KC
2,11635,Ladd McConkey,WR,24.9,LAC,59,6.50,vs LV,LV
2,8183,Brock Purdy,QB,26.7,SF,5,28.48,vs MIA,MIA
2,8146,Garrett Wilson,WR,26.2,NYJ,14,16.70,vs GB,GB
2,12519,Luther Burden,WR,22.8,CHI,63,6.20,vs MIN,MIN
2,7525,DeVonta Smith,WR,27.8,PHI,5,27.70,@ TEN,TEN
2,9997,Zay Flowers,WR,26.0,BAL,0,0.00,vs NO,NO
2,8155,Breece Hall,RB,25.3,NYJ,13,14.20,vs GB,GB
2,4034,Christian McCaffrey,RB,30.3,SF,4,22.60,vs MIA,MIA
2,4866,Saquon Barkley,RB,29.6,PHI,58,3.00,@ TEN,TEN
2,6804,Jordan Love,QB,27.9,GB,20,13.80,@ NYJ,NYJ
2,13279,Carnell Tate,WR,21.6,TEN,66,5.70,vs PHI,PHI
2,13286,Jadarian Price,RB,22.9,SEA,43,5.00,@ ARI,ARI
2,13269,Fernando Mendoza,QB,23.0,LV,999,0.00,@ LAC,LAC
2,7526,Jaylen Waddle,WR,27.8,DEN,9,21.80,vs JAX,JAX
2,11620,Rome Odunze,WR,24.3,CHI,49,7.30,vs MIN,MIN
2,12512,Quinshon Judkins,RB,22.9,CLE,25,9.80,@ TB,TB
2,3294,Dak Prescott,QB,33.1,DAL,3,29.76,vs WAS,WAS
2,6801,Tee Higgins,WR,27.7,CIN,19,14.50,@ HOU,HOU
2,5859,A.J. Brown,WR,29.2,NE,999,0.00,vs PIT,PIT
2,9484,Tucker Kraft,TE,25.9,GB,32,3.50,@ NYJ,NYJ
2,10229,Rashee Rice,WR,26.4,KC,27,12.30,vs IND,IND
2,7588,Javonte Williams,RB,26.4,DAL,34,8.00,vs WAS,WAS
2,8150,Kyren Williams,RB,26.0,LAR,8,15.70,vs NYG,NYG
2,8148,Jameson Williams,WR,25.5,DET,71,5.30,@ BUF,BUF
2,9487,Parker Washington,WR,24.5,JAX,13,16.80,@ DEN,DEN
2,12545,Tyler Shough,QB,27.0,NO,8,22.38,@ BAL,BAL
2,13281,Jordyn Tyson,WR,22.1,NO,999,0.00,@ BAL,BAL
2,12529,TreVeyon Henderson,RB,23.9,NE,14,13.60,vs PIT,PIT
2,11628,Marvin Harrison Jr.,WR,24.1,ARI,999,0.00,vs SEA,SEA
2,12481,Cam Skattebo,RB,24.6,NYG,27,9.50,@ LAR,LAR
2,11584,Bucky Irving,RB,24.1,TB,15,13.00,vs CLE,CLE
2,3163,Jared Goff,QB,31.9,DET,2,29.78,@ BUF,BUF
2,4892,Baker Mayfield,QB,31.4,TB,21,13.18,vs CLE,CLE
2,12506,Harold Fannin,TE,22.2,CLE,14,10.40,@ TB,TB
2,13294,Makai Lemon,WR,22.3,PHI,101,1.90,@ TEN,TEN
2,7543,Travis Etienne,RB,27.6,NO,39,7.10,@ BAL,BAL
2,3198,Derrick Henry,RB,32.7,BAL,6,17.70,vs NO,NO
2,13298,KC Concepcion,WR,22.0,CLE,46,8.20,@ TB,TB
2,9758,C.J. Stroud,QB,25.0,HOU,14,17.02,vs CIN,CIN
2,10859,Sam LaPorta,TE,25.7,DET,9,17.20,@ BUF,BUF
2,11631,Brian Thomas Jr.,WR,23.9,JAX,51,7.00,@ DEN,DEN
2,12490,Bhayshul Tuten,RB,23.6,JAX,12,14.20,@ DEN,DEN
2,6790,D'Andre Swift,RB,27.7,CHI,16,12.90,vs MIN,MIN
2,12522,Cam Ward,QB,24.3,TEN,11,20.02,vs PHI,PHI
2,8167,Christian Watson,WR,27.4,GB,21,14.10,@ NYJ,NYJ
2,7553,Kyle Pitts,TE,25.9,ATL,41,2.50,vs CAR,CAR
2,4943,Sam Darnold,QB,29.3,SEA,0,0.00,@ ARI,ARI
2,4983,D.J. Moore,WR,29.4,BUF,119,-0.10,vs DET,DET
2,13417,De'Zhaun Stribling,WR,23.7,SF,999,0.00,vs MIA,MIA
2,10232,Michael Wilson,WR,26.6,ARI,81,3.80,vs SEA,SEA
2,9228,Bryce Young,QB,25.1,CAR,7,24.08,@ ATL,ATL
2,5849,Kyler Murray,QB,29.1,MIN,0,0.00,@ CHI,CHI
2,12501,Matthew Golden,WR,23.1,GB,35,9.80,@ NYJ,NYJ
2,8142,Alec Pierce,WR,26.4,IND,96,2.10,@ KC,KC
2,421,Matthew Stafford,QB,38.6,LAR,6,27.98,vs NYG,NYG
2,9756,Jordan Addison,WR,24.6,MIN,78,4.10,@ CHI,CHI
2,8161,Malik Willis,QB,27.3,MIA,22,12.48,@ SF,SF
2,5870,Daniel Jones,QB,29.3,IND,23,12.40,@ KC,KC
2,5892,David Montgomery,RB,29.3,HOU,48,4.40,vs CIN,CIN
2,13330,Kenyon Sadiq,TE,21.5,NYJ,31,3.70,vs GB,GB
2,13275,Ty Simpson,QB,23.7,LAR,0,0.00,vs NYG,NYG
2,11583,Jonathon Brooks,RB,23.2,CAR,64,2.10,@ ATL,ATL
2,11586,Blake Corum,RB,25.8,LAR,24,10.20,vs NYG,NYG
2,13346,Denzel Boston,WR,22.8,CLE,12,20.50,@ TB,TB
2,9754,Quentin Johnston,WR,25.0,LAC,93,2.40,vs LV,LV
2,8131,Isaiah Likely,TE,26.4,NYG,19,8.30,@ LAR,LAR
2,9500,Josh Downs,WR,25.1,IND,20,14.20,@ KC,KC
2,7611,Rhamondre Stevenson,RB,28.6,NE,53,3.60,vs PIT,PIT
2,11646,Jalen Coker,WR,24.9,CAR,18,14.60,@ ATL,ATL
2,2133,Davante Adams,WR,33.7,LAR,2,39.50,vs NYG,NYG
2,5927,Terry McLaurin,WR,31.0,WAS,52,7.00,@ DAL,DAL
2,5846,DK Metcalf,WR,28.8,PIT,58,6.70,@ NE,NE
2,12534,Kyle Monangai,RB,24.3,CHI,35,7.80,vs MIN,MIN
2,10236,Dalton Kincaid,TE,26.9,BUF,3,22.50,vs DET,DET
2,12489,RJ Harvey,RB,25.6,DEN,0,0.00,vs JAX,JAX
2,8228,Jaylen Warren,RB,27.9,PIT,26,9.70,@ NE,NE
2,8126,Wan'Dale Robinson,WR,25.7,TEN,102,1.90,vs PHI,PHI
2,13276,Omar Cooper Jr.,WR,22.8,NYJ,999,0.00,vs GB,GB
2,2216,Mike Evans,WR,33.1,SF,45,8.40,vs MIA,MIA
2,10222,Jayden Reed,WR,26.4,GB,111,1.40,@ NYJ,NYJ
2,13414,Kaelon Black,RB,24.9,SF,59,2.50,vs MIA,MIA
2,13293,Ja'Kobi Lane,WR,22.1,BAL,999,0.00,vs NO,NO
2,13345,Jonah Coleman,RB,23.1,DEN,9,14.80,vs JAX,JAX
2,7594,Chuba Hubbard,RB,27.3,CAR,10,14.40,@ ATL,ATL
2,12533,Jacory Croskey-Merritt,RB,25.4,WAS,41,5.80,@ DAL,DAL
2,4217,George Kittle,TE,32.9,SF,7,18.00,vs MIA,MIA
2,6819,Michael Pittman,WR,29.0,PIT,0,0.00,@ NE,NE
2,13311,Chris Bell,WR,22.3,MIA,999,0.00,@ SF,SF
2,9753,Zach Charbonnet,RB,25.7,SEA,999,0.00,@ ARI,ARI
2,11581,MarShawn Lloyd,RB,25.7,GB,31,8.60,@ NYJ,NYJ
2,13305,Mike Washington Jr.,RB,23.2,LV,77,0.70,@ LAC,LAC
2,4037,Chris Godwin,WR,30.6,TB,40,8.80,vs CLE,CLE
2,7021,Rico Dowdle,RB,28.2,PIT,40,6.40,@ NE,NE
2,13285,Malachi Fields,WR,23.0,NYG,73,5.00,@ LAR,LAR
2,11624,Xavier Worthy,WR,23.4,KC,22,13.50,vs IND,IND
2,6806,J.K. Dobbins,RB,27.8,DEN,51,3.60,vs JAX,JAX
2,12487,Terrance Ferguson,TE,23.5,LAR,8,17.40,vs NYG,NYG
2,12484,Jayden Higgins,WR,23.8,HOU,999,0.00,vs CIN,CIN
2,5045,Courtland Sutton,WR,30.9,DEN,67,5.50,vs JAX,JAX
2,8408,Jordan Mason,RB,27.3,MIN,999,0.00,@ CHI,CHI
2,8110,Jake Ferguson,TE,27.7,DAL,4,20.30,vs WAS,WAS
2,7567,Kenneth Gainwell,RB,27.5,TB,47,4.50,vs CLE,CLE
2,9480,Brenton Strange,TE,25.7,JAX,29,3.70,@ DEN,DEN
2,5850,Josh Jacobs,RB,28.6,GB,999,0.00,@ NYJ,NYJ
2,13349,Eli Stowers,TE,23.4,PHI,999,0.00,@ TEN,TEN
2,13296,Caleb Douglas,WR,23.0,MIA,80,3.90,@ SF,SF
2,8132,Tyler Allgeier,RB,26.4,ARI,49,3.90,vs SEA,SEA
2,11618,Jalen McMillan,WR,24.8,TB,999,0.00,vs CLE,CLE
2,8121,Romeo Doubs,WR,26.4,NE,24,12.60,vs PIT,PIT
2,13301,Antonio Williams,WR,22.2,WAS,70,5.40,@ DAL,DAL
2,8134,Khalil Shakir,WR,26.6,BUF,54,6.80,vs DET,DET
2,12493,Oronde Gadsden,TE,23.2,LAC,15,9.80,vs LV,LV
2,5947,Jakobi Meyers,WR,29.8,JAX,82,3.80,@ DEN,DEN
2,13274,Germie Bernard,WR,22.8,PIT,48,7.50,@ NE,NE
2,12474,Woody Marks,RB,25.7,HOU,33,8.50,vs CIN,CIN
2,13337,Emmett Johnson,RB,22.9,KC,42,5.50,vs IND,IND
2,13272,Carson Beck,QB,24.8,ARI,0,0.00,vs SEA,SEA
2,9504,Kayshon Boutte,WR,24.4,HOU,56,6.70,vs CIN,CIN
2,13413,Cyrus Allen,WR,23.6,KC,999,0.00,vs IND,IND
2,5967,Tony Pollard,RB,29.4,TEN,37,7.50,vs PHI,PHI
2,11559,Michael Penix Jr.,QB,26.4,ATL,0,0.00,vs CAR,CAR
2,5022,Dallas Goedert,TE,31.7,PHI,54,1.40,@ TEN,TEN
2,12492,Pat Bryant,WR,23.8,DEN,109,1.60,vs JAX,JAX
2,12530,Travis Hunter,WR,23.3,JAX,999,0.00,@ DEN,DEN
2,2449,Stefon Diggs,WR,32.8,WAS,11,21.70,@ DAL,DAL
2,10219,Chris Rodriguez,RB,26.0,JAX,69,1.30,@ DEN,DEN
2,5012,Mark Andrews,TE,31.0,BAL,12,10.90,vs NO,NO
2,8676,Rashid Shaheed,WR,28.0,SEA,53,6.90,@ ARI,ARI
2,8136,Rachaad White,RB,27.7,WAS,11,14.30,@ DAL,DAL
2,9511,Keaton Mitchell,RB,24.7,LAC,46,4.90,vs LV,LV
2,11603,AJ Barner,TE,24.4,SEA,20,7.90,@ ARI,ARI
2,13320,Zachariah Branch,WR,22.5,ATL,86,3.40,vs CAR,CAR
2,13288,Nicholas Singleton,RB,22.7,TEN,73,1.00,vs PHI,PHI
2,7002,Juwan Johnson,TE,30.0,NO,13,10.60,@ BAL,BAL
2,13317,Ted Hurst,WR,22.2,TB,74,4.70,vs CLE,CLE
2,11610,Malik Washington,WR,25.7,MIA,41,8.70,@ SF,SF
2,9486,Dontayvion Wicks,WR,25.2,PHI,25,12.40,@ TEN,TEN
2,11576,Braelon Allen,RB,22.6,NYJ,32,8.50,vs GB,GB
2,11625,Adonai Mitchell,WR,23.9,NYJ,28,12.30,vs GB,GB
2,8210,Chigoziem Okonkwo,TE,27.0,WAS,0,0.00,@ DAL,DAL
2,5844,T.J. Hockenson,TE,29.2,MIN,23,5.90,@ CHI,CHI
2,9508,Tyjae Spears,RB,25.2,TEN,29,9.00,vs PHI,PHI
2,12469,Dylan Sampson,RB,22.0,CLE,999,0.00,@ TB,TB
2,12509,Tre Harris,WR,24.6,LAC,62,6.30,vs LV,LV
2,9482,Michael Mayer,TE,25.2,LV,25,5.30,@ LAC,LAC
2,11638,Ricky Pearsall,WR,26.0,SF,999,0.00,vs MIA,MIA
2,3257,Jacoby Brissett,QB,33.8,ARI,28,7.50,vs SEA,SEA
2,1466,Travis Kelce,TE,37.0,KC,2,25.10,vs IND,IND
2,9225,Tank Bigsby,RB,25.0,PHI,18,11.80,@ TEN,TEN
2,10213,Tre Tucker,WR,25.5,LV,7,22.90,@ LAC,LAC
2,13289,Drew Allar,QB,22.5,PIT,0,0.00,@ NE,NE
2,5872,Deebo Samuel,WR,30.7,SF,60,6.50,vs MIA,MIA
2,12536,Jaylin Noel,WR,24.0,HOU,69,5.40,vs CIN,CIN
2,13421,Eli Raridon,TE,22.6,NE,28,4.00,vs PIT,PIT
2,13268,Elijah Sarratt,WR,23.3,BAL,999,0.00,vs NO,NO
2,8180,Jalen Nailor,WR,27.5,LV,99,1.90,@ LAC,LAC
2,13405,Kaytron Allen,RB,23.7,WAS,61,2.40,@ DAL,DAL
2,12504,Kaleb Johnson,RB,23.1,GB,55,3.20,@ NYJ,NYJ
2,12502,Gunnar Helm,TE,24.0,TEN,35,3.30,vs PHI,PHI
2,12535,Isaac TeSlaa,WR,24.6,DET,75,4.60,@ BUF,BUF
2,9502,Tank Dell,WR,26.9,HOU,999,0.00,vs CIN,CIN
2,3214,Hunter Henry,TE,31.8,NE,22,7.00,vs PIT,PIT
2,12524,Shedeur Sanders,QB,24.6,CLE,999,0.00,@ TB,TB
2,11627,Troy Franklin,WR,23.6,DEN,84,3.70,vs JAX,JAX
2,12521,Elijah Arroyo,TE,23.4,SEA,37,2.70,@ ARI,ARI
2,8154,Brian Robinson,RB,27.5,ATL,30,8.70,vs CAR,CAR
2,12497,Tory Horton,WR,23.8,SEA,999,0.00,@ ARI,ARI
2,7527,Mac Jones,QB,28.0,SF,38,-0.20,vs MIA,MIA
2,12483,Jack Bech,WR,23.7,LV,76,4.50,@ LAC,LAC
2,13402,Skyler Bell,WR,24.2,BUF,0,0.00,vs DET,DET
2,13347,Demond Claiborne,RB,22.9,MIN,70,1.20,@ CHI,CHI
2,8172,Greg Dulcich,TE,26.5,MIA,30,3.70,@ SF,SF
2,11637,Keon Coleman,WR,23.3,BUF,26,12.30,vs DET,DET
2,5001,Dalton Schultz,TE,30.2,HOU,1,26.00,vs CIN,CIN
2,12547,Kyle Williams,WR,23.8,NE,98,2.00,vs PIT,PIT
2,12499,Elic Ayomanor,WR,23.3,TEN,38,8.90,vs PHI,PHI
2,12498,Mason Taylor,TE,22.4,NYJ,999,0.00,vs GB,GB
2,13411,Zavion Thomas,WR,22.6,CHI,999,0.00,vs MIN,MIN
2,11643,Jaylen Wright,RB,23.5,MIA,72,1.10,@ SF,SF
2,4199,Aaron Jones,RB,31.8,MIN,22,10.50,@ CHI,CHI
2,7049,Jauan Jennings,WR,29.2,MIN,0,0.00,@ CHI,CHI
2,7600,Pat Freiermuth,TE,27.9,PIT,21,7.40,@ NE,NE
2,13353,Chris Brazzell II,WR,22.9,CAR,999,0.00,@ ATL,ATL
2,1373,Geno Smith,QB,35.9,NYJ,17,15.58,vs GB,GB
2,6783,Jerry Jeudy,WR,27.4,CLE,999,0.00,@ TB,TB
2,8111,Cade Otton,TE,27.4,TB,16,8.80,vs CLE,CLE
2,11655,Tyrone Tracy,RB,26.8,NYG,999,0.00,@ LAR,LAR
2,13278,Max Klare,TE,23.2,LAR,999,0.00,vs NYG,NYG
2,9501,Demario Douglas,WR,25.8,NE,100,1.90,vs PIT,PIT
2,11647,Kimani Vidal,RB,25.0,LAC,999,0.00,vs LV,LV
2,13319,Oscar Delp,TE,23.1,NO,47,1.80,@ BAL,BAL
2,13302,Adam Randall,RB,22.2,BAL,999,0.00,vs NO,NO
2,12510,Jalen Milroe,QB,23.8,SEA,999,0.00,@ ARI,ARI
2,13303,Cade Klubnik,QB,22.9,NYJ,999,0.00,vs GB,GB
2,11783,Ryan Flournoy,WR,26.9,DAL,50,7.30,vs WAS,WAS
2,12467,Jordan James,RB,22.5,SF,67,1.50,vs MIA,MIA
2,12495,Ollie Gordon,RB,22.7,MIA,76,0.70,@ SF,SF
2,6768,Tua Tagovailoa,QB,28.5,ATL,0,0.00,vs CAR,CAR
2,11565,J.J. McCarthy,QB,23.6,MIN,999,0.00,@ CHI,CHI
2,4033,David Njoku,TE,30.2,LAC,46,1.90,vs LV,LV
2,9506,Sean Tucker,RB,24.9,TB,999,0.00,vs CLE,CLE
2,12540,Chimere Dike,WR,24.8,TEN,999,0.00,vs PHI,PHI
2,1166,Kirk Cousins,QB,38.1,LV,10,21.22,@ LAC,LAC
2,9494,Marvin Mims,WR,24.5,DEN,0,0.00,vs JAX,JAX
2,11575,Ray Davis,RB,26.8,BUF,999,0.00,vs DET,DET
2,8800,Malik Davis,RB,27.8,DAL,999,0.00,vs WAS,WAS
2,7571,Rashod Bateman,WR,26.8,BAL,10,21.80,vs NO,NO
2,11834,Devaughn Vele,WR,28.8,NO,29,11.40,@ BAL,BAL
2,12485,Tez Johnson,WR,24.3,TB,64,5.90,vs CLE,CLE
2,9229,Anthony Richardson,QB,24.3,IND,999,0.00,@ KC,KC
2,13338,Kevin Coleman,WR,23.0,MIA,999,0.00,@ SF,SF
2,10218,Xavier Hutchinson,WR,26.3,HOU,57,6.70,vs CIN,CIN
2,12544,LeQuint Allen,RB,22.1,JAX,999,0.00,@ DEN,DEN
2,12641,Jaylin Lane,WR,24.4,WAS,999,0.00,@ DAL,DAL
2,6826,Cole Kmet,TE,27.5,CHI,999,0.00,vs MIN,MIN
2,13420,Bryce Lance,WR,24.1,NO,103,1.80,@ BAL,BAL
2,12048,George Holani,RB,26.8,SEA,60,2.50,@ ARI,ARI
2,13425,Jalon Daniels,QB,23.9,TB,999,0.00,vs CLE,CLE
2,6865,Colby Parkinson,TE,27.7,LAR,33,3.50,vs NYG,NYG
2,11597,Theo Johnson,TE,25.6,NYG,999,0.00,@ LAR,LAR
2,13424,Seth McGowan,RB,24.9,IND,999,0.00,@ KC,KC
2,96,Aaron Rodgers,QB,42.8,PIT,31,4.98,@ NE,NE
2,8205,Isiah Pacheco,RB,27.5,DET,999,0.00,@ BUF,BUF
2,12503,Isaiah Bond,WR,22.5,CLE,97,2.00,@ TB,TB
2,8698,Jake Tonges,TE,27.2,SF,999,0.00,vs MIA,MIA
2,12531,Trevor Etienne,RB,22.2,CAR,999,0.00,@ ATL,ATL
2,9757,Kendre Miller,RB,24.3,NO,0,0.00,@ BAL,BAL
2,11571,Isaiah Davis,RB,24.6,NYJ,999,0.00,vs GB,GB
2,4035,Alvin Kamara,RB,31.1,NO,38,7.20,@ BAL,BAL
2,9479,Darnell Washington,TE,25.1,PIT,49,1.70,@ NE,NE
2,13533,Barion Brown,WR,22.8,NO,999,0.00,@ BAL,BAL
2,13380,Brenen Thompson,WR,23.1,LAC,94,2.30,vs LV,LV
2,12471,DJ Giddens,RB,23.0,IND,0,0.00,@ KC,KC
2,7528,Najee Harris,RB,28.5,NYG,78,0.60,@ LAR,LAR
2,11370,Chris Brooks,RB,26.7,GB,52,3.60,@ NYJ,NYJ
2,1479,Keenan Allen,WR,34.4,IND,110,1.50,@ KC,KC
2,12541,Dont'e Thornton,WR,23.8,LV,999,0.00,@ LAC,LAC
2,7090,Darnell Mooney,WR,28.9,NYG,55,6.80,@ LAR,LAR
2,5854,Drew Lock,QB,29.8,SEA,9,21.40,@ ARI,ARI
2,11626,Xavier Legette,WR,25.6,CAR,44,8.40,@ ATL,ATL
2,12455,Brashard Smith,RB,23.4,KC,999,0.00,vs IND,IND
2,13329,Malik Benson,WR,23.9,LV,999,0.00,@ LAC,LAC
2,11630,Roman Wilson,WR,25.2,PIT,47,7.80,@ NE,NE
2,11600,Ja'Tavion Sanders,TE,23.5,CAR,0,0.00,@ ATL,ATL
2,8188,Tyquan Thornton,WR,26.1,KC,23,12.60,vs IND,IND
2,13306,Taylen Green,QB,23.9,CLE,999,0.00,@ TB,TB
2,12511,Will Howard,QB,25.0,PIT,0,0.00,@ NE,NE
2,4066,Evan Engram,TE,32.0,DEN,38,2.70,vs JAX,JAX
2,11589,Trey Benson,RB,24.2,ARI,999,0.00,vs SEA,SEA
2,10235,Roschon Johnson,RB,25.6,CHI,999,0.00,vs MIN,MIN
2,7591,Justin Fields,QB,27.5,KC,999,0.00,vs IND,IND
2,13423,Eli Heidenreich,RB,23.2,PIT,999,0.00,@ NE,NE
2,12505,Jalen Royals,WR,23.6,KC,42,8.60,vs IND,IND
2,4039,Cooper Kupp,WR,33.2,SEA,79,4.00,@ ARI,ARI
2,8119,Jahan Dotson,WR,26.5,ATL,87,3.10,vs CAR,CAR
2,5906,Dawson Knox,TE,29.8,BUF,18,8.50,vs DET,DET
2,3161,Carson Wentz,QB,33.7,MIN,30,6.32,@ CHI,CHI
2,4950,Christian Kirk,WR,29.8,SF,999,0.00,vs MIA,MIA
2,5995,Justice Hill,RB,28.8,BAL,50,3.80,vs NO,NO
2,4017,Deshaun Watson,QB,31.0,CLE,12,19.72,@ TB,TB
2,11435,Emanuel Wilson,RB,27.4,SEA,28,9.20,@ ARI,ARI
2,13400,Justin Joly,TE,22.2,MIA,0,0.00,@ SF,SF
2,10226,Andrei Iosivas,WR,26.9,CIN,105,1.70,@ HOU,HOU
2,8117,Jalen Tolbert,WR,27.6,MIA,0,0.00,@ SF,SF
2,4981,Calvin Ridley,WR,31.7,TEN,68,5.50,vs PHI,PHI
2,9481,Luke Musgrave,TE,26.0,GB,999,0.00,@ NYJ,NYJ
2,8127,Charlie Kolar,TE,27.6,LAC,26,5.10,vs LV,LV
2,11557,Joe Milton,QB,26.5,DAL,999,0.00,vs WAS,WAS
2,12482,Savion Williams,WR,24.8,GB,999,0.00,@ NYJ,NYJ
2,12543,Tahj Brooks,RB,24.3,CIN,999,0.00,@ HOU,HOU
2,13602,Jack Strand,QB,22.2,ATL,35,0.96,vs CAR,CAR
2,11596,Ben Sinnott,TE,24.2,WAS,51,1.60,@ DAL,DAL
2,7670,Joshua Palmer,WR,27.0,BUF,30,11.30,vs DET,DET
2,11577,Will Shipley,RB,24.0,PHI,45,4.90,@ TEN,TEN
2,13404,Garrett Nussmeier,QB,24.6,KC,0,0.00,vs IND,IND
2,11579,Audric Estime,RB,23.0,NO,999,0.00,@ BAL,BAL
2,12500,Quinn Ewers,QB,23.3,JAX,0,0.00,@ DEN,DEN
2,11237,Jacob Saylors,RB,25.5,DET,999,0.00,@ BUF,BUF
2,11592,Erick All,TE,26.0,CIN,39,2.50,@ HOU,HOU
2,11650,Luke McCaffrey,WR,25.4,WAS,0,0.00,@ DAL,DAL
2,12470,Riley Leonard,QB,24.0,IND,0,0.00,@ KC,KC
2,7562,Tutu Atwell,WR,26.9,LAR,89,2.90,vs NYG,NYG
2,12523,Jimmy Horn,WR,24.0,CAR,999,0.00,@ ATL,ATL
2,11569,Jarquez Hunter,RB,23.7,MIA,999,0.00,@ SF,SF
2,8135,Treylon Burks,WR,26.5,WAS,999,0.00,@ DAL,DAL
2,11562,Spencer Rattler,QB,26.0,NO,999,0.00,@ BAL,BAL
2,13333,Deion Burks,WR,23.7,IND,112,1.40,@ KC,KC
2,7828,Noah Gray,TE,27.4,KC,999,0.00,vs IND,IND
2,11623,Jordan Whittington,WR,26.0,LAR,0,0.00,vs NYG,NYG
2,12476,Devin Neal,RB,23.1,FA,0,0.00,NA,NA
2,8147,John Metchie,WR,26.2,CAR,999,0.00,@ ATL,ATL
2,4137,James Conner,RB,31.4,ARI,999,0.00,vs SEA,SEA
2,13307,Marlin Klein,TE,24.0,HOU,999,0.00,vs CIN,CIN
2,4993,Mike Gesicki,TE,31.0,CIN,999,0.00,@ HOU,HOU
2,12496,Tai Felton,WR,23.5,MIN,999,0.00,@ CHI,CHI
2,11256,Tyson Bagent,QB,26.3,CHI,33,2.16,vs MIN,MIN
2,13324,Matthew Hibner,TE,24.5,BAL,999,0.00,vs NO,NO
2,12670,KeAndre Lambert-Smith,WR,24.9,LAC,999,0.00,vs LV,LV
2,13079,Jahdae Walker,WR,24.2,CHI,999,0.00,vs MIN,MIN
2,13477,Colbie Young,WR,24.2,CIN,106,1.70,@ HOU,HOU
2,13270,CJ Daniels,WR,24.7,LAR,0,0.00,vs NYG,NYG
2,5857,Noah Fant,TE,28.8,NO,999,0.00,@ BAL,BAL
2,11199,Emari Demercado,RB,27.6,DAL,75,0.80,vs WAS,WAS
2,8225,Daniel Bellinger,TE,26.0,TEN,999,0.00,vs PHI,PHI
2,11629,Devontez Walker,WR,25.2,BAL,65,5.70,vs NO,NO
2,12457,Jaydon Blue,RB,22.7,PHI,999,0.00,@ TEN,TEN
2,6039,Ty Johnson,RB,29.0,BUF,0,0.00,vs DET,DET
2,5848,Marquise Brown,WR,29.3,PHI,115,1.20,@ TEN,TEN
2,2505,Darren Waller,TE,34.0,CAR,5,18.30,@ ATL,ATL
2,10444,Cedric Tillman,WR,26.4,NO,999,0.00,@ BAL,BAL
2,6271,Olamide Zaccheaus,WR,29.2,ATL,113,1.30,vs CAR,CAR
2,11599,Cade Stover,TE,26.3,HOU,999,0.00,vs CIN,CIN
2,11994,Kameron Johnson,WR,24.5,TB,999,0.00,vs CLE,CLE
2,2306,Jameis Winston,QB,32.7,NYG,32,3.54,@ LAR,LAR
2,7694,Tommy Tremble,TE,26.3,CAR,53,1.40,@ ATL,ATL
2,4454,Kendrick Bourne,WR,31.1,ARI,88,3.10,vs SEA,SEA
2,7587,Dyami Brown,WR,26.9,WAS,77,4.10,@ DAL,DAL
2,12472,Raheim Sanders,RB,24.3,CLE,65,2.10,@ TB,TB
2,3271,Tyler Higbee,TE,33.7,LAR,999,0.00,vs NYG,NYG
2,13282,Jack Endries,TE,22.5,CIN,999,0.00,@ HOU,HOU
2,11651,Isaac Guerendo,RB,26.2,SF,999,0.00,vs MIA,MIA
2,7596,Elijah Moore,WR,26.5,PHI,0,0.00,@ TEN,TEN
2,6130,Devin Singletary,RB,29.0,NYG,74,0.90,@ LAR,LAR
2,11616,Jacob Cowing,WR,25.6,SF,999,0.00,vs MIA,MIA
2,13408,Tanner Koziol,TE,23.6,JAX,0,0.00,@ DEN,DEN
2,12634,Jordan Watkins,WR,24.6,SF,0,0.00,vs MIA,MIA
2,11617,Malachi Corley,WR,24.5,CLE,999,0.00,@ TB,TB
2,12718,Konata Mumpfield,WR,23.9,LAR,95,2.20,vs NYG,NYG
2,9492,Trey Palmer,WR,25.4,NO,999,0.00,@ BAL,BAL
2,13401,Michael Trigg,TE,24.2,DAL,999,0.00,vs WAS,WAS
2,11570,Rasheen Ali,RB,25.6,BAL,999,0.00,vs NO,NO
2,12486,Dillon Gabriel,QB,25.7,CLE,999,0.00,@ TB,TB
2,7585,Davis Mills,QB,27.9,HOU,999,0.00,vs CIN,CIN
2,7083,Tyler Huntley,QB,28.6,BAL,999,0.00,vs NO,NO
2,10225,Jonathan Mingo,WR,25.4,DAL,999,0.00,vs WAS,WAS
2,5970,Greg Dortch,WR,28.3,BUF,999,0.00,vs DET,DET
2,11439,Jaleel McLaughlin,RB,26.0,CLE,79,0.30,@ TB,TB
2,8125,Calvin Austin III,WR,27.5,NYG,999,0.00,@ LAR,LAR
2,13348,J'Mari Taylor,RB,24.6,JAX,999,0.00,@ DEN,DEN
2,12520,Xavier Restrepo,WR,24.4,TEN,999,0.00,vs PHI,PHI
2,12473,Mitchell Evans,TE,23.5,CAR,43,2.30,@ ATL,ATL
2,9497,Jalin Hyatt,WR,25.0,NYG,999,0.00,@ LAR,LAR
2,6943,Gabriel Davis,WR,27.5,FA,0,0.00,NA,NA
2,4177,Mack Hollins,WR,33.0,NE,83,3.80,vs PIT,PIT
2,10871,Luke Schoonmaker,TE,28.0,DAL,999,0.00,vs WAS,WAS
2,12542,Efton Chism,WR,24.9,NE,117,0.80,vs PIT,PIT
2,12516,Kalel Mullings,RB,24.0,TEN,999,0.00,vs PHI,PHI
2,13322,Sam Roush,TE,23.0,CHI,45,1.90,vs MIN,MIN
2,9230,Tanner McKee,QB,26.4,PHI,0,0.00,@ TEN,TEN
2,6149,Darius Slayton,WR,29.7,FA,0,0.00,NA,NA
2,11729,Sione Vaki,RB,25.1,DET,56,3.00,@ BUF,BUF
2,8162,Sam Howell,QB,26.0,DAL,999,0.00,vs WAS,WAS
2,4147,Samaje Perine,RB,31.0,CIN,54,3.20,@ HOU,HOU
2,10231,Elijah Higgins,TE,25.9,ARI,56,1.00,vs SEA,SEA
2,8917,KaVontae Turpin,WR,30.1,DAL,118,0.10,vs WAS,WAS
2,8118,David Bell,WR,25.8,FA,0,0.00,NA,NA
2,3321,Tyreek Hill,WR,32.5,FA,0,0.00,NA,NA
2,8122,Bam Knight,RB,25.4,ARI,62,2.40,vs SEA,SEA
2,8129,Dameon Pierce,RB,26.6,PHI,999,0.00,@ TEN,TEN
2,10214,Davis Allen,TE,25.6,LAR,50,1.70,vs NYG,NYG
2,9227,Israel Abanikanda,RB,24.0,DAL,999,0.00,vs WAS,WAS
2,11645,Javon Baker,WR,24.6,FA,0,0.00,NA,NA
2,11595,Jared Wiley,TE,25.9,KC,0,0.00,vs IND,IND
2,8207,Tyler Goodson,RB,25.8,DAL,0,0.00,vs WAS,WAS
2,2307,Marcus Mariota,QB,32.9,WAS,26,8.74,@ DAL,DAL
2,12539,Arian Smith,WR,24.9,NYJ,999,0.00,vs GB,GB
2,8208,Tyler Badie,RB,26.6,DEN,44,4.90,vs JAX,JAX
2,6803,Brandon Aiyuk,WR,28.5,SF,999,0.00,vs MIA,MIA
2,7496,Nick Westbrook-Ikhine,WR,29.5,IND,999,0.00,@ KC,KC
2,8168,Skyy Moore,WR,26.0,GB,91,2.60,@ NYJ,NYJ
2,8160,Kenny Pickett,QB,28.3,CAR,39,-0.40,@ ATL,ATL
2,6011,Gardner Minshew,QB,30.3,ARI,999,0.00,vs SEA,SEA
2,7610,Trey Lance,QB,26.4,LAC,999,0.00,vs LV,LV
2,4574,Cooper Rush,QB,,ATL,34,1.44,vs CAR,CAR
2,13300,Le'Veon Moss,RB,23.8,UD,0,0.00,NA,NA
2,7568,Brevin Jordan,TE,26.2,HOU,0,0.00,vs CIN,CIN
2,3634,Kalif Raymond,WR,32.1,CHI,37,9.00,vs MIN,MIN
2,11895,Mason Tipton,WR,26.0,NO,999,0.00,@ BAL,BAL
2,12462,Damien Martinez,RB,22.6,FA,0,0.00,NA,NA
3,4984,Josh Allen,QB,30.3,BUF,17,19.46,vs LAC,LAC
3,9221,Jahmyr Gibbs,RB,24.5,DET,1,41.40,vs NYJ,NYJ
3,9509,Bijan Robinson,RB,24.6,ATL,2,35.30,@ GB,GB
3,9488,Jaxon Smith-Njigba,WR,24.6,SEA,1,35.36,@ WAS,WAS
3,7564,Ja'Marr Chase,WR,26.6,CIN,5,24.80,@ PIT,PIT
3,7547,Amon-Ra St. Brown,WR,26.9,DET,36,11.90,vs NYJ,NYJ
3,9493,Puka Nacua,WR,25.3,LAR,0,0.00,@ DEN,DEN
3,11560,Caleb Williams,QB,24.8,CHI,0,0.00,vs PHI,PHI
3,4881,Lamar Jackson,QB,29.7,BAL,13,20.44,@ DAL,DAL
3,11564,Drake Maye,QB,24.1,NE,32,5.76,@ JAX,JAX
3,11604,Brock Bowers,TE,23.8,LV,1,27.60,@ NO,NO
3,6794,Justin Jefferson,WR,27.3,MIN,73,5.20,@ TB,TB
3,12527,Ashton Jeanty,RB,22.8,LV,18,12.30,@ NO,NO
3,8130,Trey McBride,TE,26.8,ARI,8,16.50,@ SF,SF
3,11632,Malik Nabers,WR,23.2,NYG,57,7.60,vs TEN,TEN
3,6786,CeeDee Lamb,WR,27.4,DAL,11,20.20,vs BAL,BAL
3,13287,Jeremiyah Love,RB,21.3,ARI,3,21.90,@ SF,SF
3,6770,Joe Burrow,QB,29.8,CIN,10,22.58,@ PIT,PIT
3,6813,Jonathan Taylor,RB,27.7,IND,27,9.20,vs HOU,HOU
3,7523,Trevor Lawrence,QB,27.0,JAX,12,20.78,vs NE,NE
3,11566,Jayden Daniels,QB,25.8,WAS,0,0.00,vs SEA,SEA
3,12507,Omarion Hampton,RB,23.5,LAC,40,5.60,@ BUF,BUF
3,8138,James Cook,RB,27.0,BUF,9,19.40,vs LAC,LAC
3,9226,De'Von Achane,RB,24.9,MIA,64,1.70,vs KC,KC
3,8151,Kenneth Walker III,RB,25.9,KC,7,21.30,@ MIA,MIA
3,8112,Drake London,WR,25.2,ATL,2,28.40,@ GB,GB
3,12508,Jaxson Dart,QB,23.4,NYG,999,0.00,vs TEN,TEN
3,6797,Justin Herbert,QB,28.5,LAC,23,13.74,@ BUF,BUF
3,6904,Jalen Hurts,QB,28.1,PHI,24,13.62,@ CHI,CHI
3,8144,Chris Olave,WR,26.2,NO,14,19.70,vs LV,LV
3,4046,Patrick Mahomes,QB,31.0,KC,20,16.94,@ MIA,MIA
3,8183,Brock Purdy,QB,26.7,SF,1,31.28,vs ARI,ARI
3,12526,Tetairoa McMillan,WR,23.5,CAR,87,3.70,@ CLE,CLE
3,8137,George Pickens,WR,25.6,DAL,23,15.20,vs BAL,BAL
3,12514,Emeka Egbuka,WR,23.9,TB,38,11.20,vs MIN,MIN
3,12517,Colston Loveland,TE,22.4,CHI,27,7.10,vs PHI,PHI
3,9224,Chase Brown,RB,26.5,CIN,33,8.90,@ PIT,PIT
3,8146,Garrett Wilson,WR,26.2,NYJ,3,26.70,@ DET,DET
3,9997,Zay Flowers,WR,26.0,BAL,22,15.40,@ DAL,DAL
3,7569,Nico Collins,WR,27.5,HOU,0,0.00,@ IND,IND
3,12518,Tyler Warren,TE,24.3,IND,10,14.70,vs HOU,HOU
3,11635,Ladd McConkey,WR,24.9,LAC,42,10.60,@ BUF,BUF
3,8155,Breece Hall,RB,25.3,NYJ,34,8.50,@ DET,DET
3,11563,Bo Nix,QB,26.6,DEN,5,25.14,vs LAR,LAR
3,4034,Christian McCaffrey,RB,30.3,SF,6,21.60,vs ARI,ARI
3,7525,DeVonta Smith,WR,27.8,PHI,32,12.50,@ CHI,CHI
3,12519,Luther Burden,WR,22.8,CHI,13,19.80,vs PHI,PHI
3,9487,Parker Washington,WR,24.5,JAX,29,13.00,vs NE,NE
3,13286,Jadarian Price,RB,23.0,SEA,71,1.20,@ WAS,WAS
3,6804,Jordan Love,QB,27.9,GB,16,19.48,vs ATL,ATL
3,13269,Fernando Mendoza,QB,23.0,LV,999,0.00,@ NO,NO
3,4866,Saquon Barkley,RB,29.6,PHI,32,9.00,@ CHI,CHI
3,12545,Tyler Shough,QB,27.0,NO,6,24.80,vs LV,LV
3,13279,Carnell Tate,WR,21.7,TEN,37,11.80,@ NYG,NYG
3,3294,Dak Prescott,QB,33.2,DAL,19,18.94,vs BAL,BAL
3,9484,Tucker Kraft,TE,25.9,GB,29,6.60,vs ATL,ATL
3,6801,Tee Higgins,WR,27.7,CIN,8,21.00,@ PIT,PIT
3,12481,Cam Skattebo,RB,24.6,NYG,17,13.00,vs TEN,TEN
3,11584,Bucky Irving,RB,24.1,TB,35,7.80,vs MIN,MIN
3,7588,Javonte Williams,RB,26.4,DAL,10,18.30,vs BAL,BAL
3,8150,Kyren Williams,RB,26.1,LAR,5,21.80,@ DEN,DEN
3,11620,Rome Odunze,WR,24.3,CHI,60,7.40,vs PHI,PHI
3,12529,TreVeyon Henderson,RB,23.9,NE,48,3.90,@ JAX,JAX
3,7526,Jaylen Waddle,WR,27.8,DEN,65,6.40,vs LAR,LAR
3,10229,Rashee Rice,WR,26.4,KC,20,15.80,@ MIA,MIA
3,12512,Quinshon Judkins,RB,22.9,CLE,25,9.90,vs CAR,CAR
3,3198,Derrick Henry,RB,32.7,BAL,4,21.90,@ DAL,DAL
3,13281,Jordyn Tyson,WR,22.1,NO,999,0.00,vs LV,LV
3,5859,A.J. Brown,WR,29.2,NE,999,0.00,@ JAX,JAX
3,6790,D'Andre Swift,RB,27.7,CHI,23,10.80,vs PHI,PHI
3,8167,Christian Watson,WR,27.4,GB,6,22.60,vs ATL,ATL
3,3163,Jared Goff,QB,31.9,DET,18,19.36,vs NYJ,NYJ
3,9228,Bryce Young,QB,25.2,CAR,22,14.64,@ CLE,CLE
3,10859,Sam LaPorta,TE,25.7,DET,25,7.40,vs NYJ,NYJ
3,9758,C.J. Stroud,QB,25.0,HOU,26,11.68,@ IND,IND
3,13294,Makai Lemon,WR,22.3,PHI,69,5.90,@ CHI,CHI
3,8148,Jameson Williams,WR,25.5,DET,47,8.90,vs NYJ,NYJ
3,13298,KC Concepcion,WR,22.0,CLE,99,2.90,vs CAR,CAR
3,12506,Harold Fannin,TE,22.2,CLE,3,24.10,vs CAR,CAR
3,4892,Baker Mayfield,QB,31.4,TB,25,12.28,vs MIN,MIN
3,12490,Bhayshul Tuten,RB,23.6,JAX,11,17.00,vs NE,NE
3,7543,Travis Etienne,RB,27.6,NO,31,9.00,vs LV,LV
3,4943,Sam Darnold,QB,29.3,SEA,2,29.66,@ WAS,WAS
3,11631,Brian Thomas Jr.,WR,24.0,JAX,106,1.80,vs NE,NE
3,11646,Jalen Coker,WR,24.9,CAR,86,3.80,@ CLE,CLE
3,12501,Matthew Golden,WR,23.1,GB,7,21.00,vs ATL,ATL
3,12522,Cam Ward,QB,24.3,TEN,29,10.44,@ NYG,NYG
3,10236,Dalton Kincaid,TE,26.9,BUF,37,3.80,vs LAC,LAC
3,11628,Marvin Harrison Jr.,WR,24.1,ARI,62,7.00,@ SF,SF
3,8131,Isaiah Likely,TE,26.4,NYG,42,3.30,vs TEN,TEN
3,4983,D.J. Moore,WR,29.4,BUF,31,12.70,vs LAC,LAC
3,5892,David Montgomery,RB,29.3,HOU,36,6.80,@ IND,IND
3,13346,Denzel Boston,WR,22.8,CLE,52,8.10,vs CAR,CAR
3,7553,Kyle Pitts,TE,26.0,ATL,55,1.50,@ GB,GB
3,10232,Michael Wilson,WR,26.6,ARI,4,25.90,@ SF,SF
3,13330,Kenyon Sadiq,TE,21.6,NYJ,4,23.50,@ DET,DET
3,13417,De'Zhaun Stribling,WR,23.8,SF,999,0.00,vs ARI,ARI
3,5870,Daniel Jones,QB,29.3,IND,30,8.90,vs HOU,HOU
3,11586,Blake Corum,RB,25.8,LAR,51,3.50,@ DEN,DEN
3,421,Matthew Stafford,QB,38.6,LAR,9,22.90,@ DEN,DEN
3,8142,Alec Pierce,WR,26.4,IND,999,0.00,vs HOU,HOU
3,13275,Ty Simpson,QB,23.8,LAR,999,0.00,@ DEN,DEN
3,5849,Kyler Murray,QB,29.1,MIN,27,11.42,@ TB,TB
3,9756,Jordan Addison,WR,24.6,MIN,12,20.00,@ TB,TB
3,9500,Josh Downs,WR,25.1,IND,30,12.70,vs HOU,HOU
3,12534,Kyle Monangai,RB,24.3,CHI,53,3.10,vs PHI,PHI
3,8161,Malik Willis,QB,27.3,MIA,28,11.00,vs KC,KC
3,7594,Chuba Hubbard,RB,27.3,CAR,12,15.00,@ CLE,CLE
3,2216,Mike Evans,WR,33.1,SF,33,12.40,vs ARI,ARI
3,11583,Jonathon Brooks,RB,23.2,CAR,999,0.00,@ CLE,CLE
3,13414,Kaelon Black,RB,24.9,SF,65,1.70,vs ARI,ARI
3,4217,George Kittle,TE,33.0,SF,2,26.20,vs ARI,ARI
3,7611,Rhamondre Stevenson,RB,28.6,NE,37,6.80,@ JAX,JAX
3,2133,Davante Adams,WR,33.7,LAR,10,20.70,@ DEN,DEN
3,12489,RJ Harvey,RB,25.6,DEN,24,10.70,vs LAR,LAR
3,12533,Jacory Croskey-Merritt,RB,25.4,WAS,41,5.30,vs SEA,SEA
3,13276,Omar Cooper Jr.,WR,22.8,NYJ,999,0.00,@ DET,DET
3,9754,Quentin Johnston,WR,25.0,LAC,63,7.00,@ BUF,BUF
3,8228,Jaylen Warren,RB,27.9,PIT,8,20.60,vs CIN,CIN
3,13345,Jonah Coleman,RB,23.1,DEN,999,0.00,vs LAR,LAR
3,5927,Terry McLaurin,WR,31.0,WAS,15,19.70,vs SEA,SEA
3,5846,DK Metcalf,WR,28.8,PIT,35,12.10,vs CIN,CIN
3,9753,Zach Charbonnet,RB,25.7,SEA,999,0.00,@ WAS,WAS
3,13296,Caleb Douglas,WR,23.0,MIA,0,0.00,vs KC,KC
3,13301,Antonio Williams,WR,22.2,WAS,89,3.50,vs SEA,SEA
3,13311,Chris Bell,WR,22.3,MIA,41,10.70,vs KC,KC
3,13293,Ja'Kobi Lane,WR,22.1,BAL,999,0.00,@ DAL,DAL
3,11624,Xavier Worthy,WR,23.4,KC,84,4.00,@ MIA,MIA
3,13285,Malachi Fields,WR,23.1,NYG,85,3.90,vs TEN,TEN
3,10222,Jayden Reed,WR,26.4,GB,0,0.00,vs ATL,ATL
3,8126,Wan'Dale Robinson,WR,25.7,TEN,18,18.70,@ NYG,NYG
3,13305,Mike Washington Jr.,RB,23.2,LV,19,11.40,@ NO,NO
3,6819,Michael Pittman,WR,29.0,PIT,88,3.60,vs CIN,CIN
3,12484,Jayden Higgins,WR,23.8,HOU,999,0.00,@ IND,IND
3,5850,Josh Jacobs,RB,28.6,GB,999,0.00,vs ATL,ATL
3,4037,Chris Godwin,WR,30.6,TB,71,5.50,vs MIN,MIN
3,8110,Jake Ferguson,TE,27.7,DAL,19,9.30,vs BAL,BAL
3,6806,J.K. Dobbins,RB,27.8,DEN,39,6.30,vs LAR,LAR
3,13337,Emmett Johnson,RB,23.0,KC,66,1.70,@ MIA,MIA
3,9480,Brenton Strange,TE,25.7,JAX,31,6.20,vs NE,NE
3,8134,Khalil Shakir,WR,26.6,BUF,110,1.60,vs LAC,LAC
3,7021,Rico Dowdle,RB,28.3,PIT,0,0.00,vs CIN,CIN
3,12487,Terrance Ferguson,TE,23.5,LAR,50,1.90,@ DEN,DEN
3,8408,Jordan Mason,RB,27.3,MIN,999,0.00,@ TB,TB
3,12493,Oronde Gadsden,TE,23.2,LAC,999,0.00,@ BUF,BUF
3,12492,Pat Bryant,WR,23.8,DEN,27,14.40,vs LAR,LAR
3,5022,Dallas Goedert,TE,31.7,PHI,0,0.00,@ CHI,CHI
3,2449,Stefon Diggs,WR,32.8,WAS,61,7.30,vs SEA,SEA
3,5045,Courtland Sutton,WR,31.0,DEN,56,7.60,vs LAR,LAR
3,12474,Woody Marks,RB,25.7,HOU,28,9.10,@ IND,IND
3,9486,Dontayvion Wicks,WR,25.3,PHI,74,5.20,@ CHI,CHI
3,8132,Tyler Allgeier,RB,26.4,ARI,44,4.90,@ SF,SF
3,8121,Romeo Doubs,WR,26.4,NE,54,7.90,@ JAX,JAX
3,11559,Michael Penix Jr.,QB,26.4,ATL,21,15.04,@ GB,GB
3,11581,MarShawn Lloyd,RB,25.7,GB,49,3.80,vs ATL,ATL
3,13349,Eli Stowers,TE,23.4,PHI,999,0.00,@ CHI,CHI
3,7002,Juwan Johnson,TE,30.0,NO,5,23.30,vs LV,LV
3,5872,Deebo Samuel,WR,30.7,SF,21,15.40,vs ARI,ARI
3,13274,Germie Bernard,WR,22.8,PIT,101,2.40,vs CIN,CIN
3,11618,Jalen McMillan,WR,24.8,TB,999,0.00,vs MIN,MIN
3,5947,Jakobi Meyers,WR,29.9,JAX,16,19.40,vs NE,NE
3,11625,Adonai Mitchell,WR,24.0,NYJ,0,0.00,@ DET,DET
3,11576,Braelon Allen,RB,22.7,NYJ,45,4.70,@ DET,DET
3,7567,Kenneth Gainwell,RB,27.5,TB,54,3.00,vs MIN,MIN
3,9504,Kayshon Boutte,WR,24.4,HOU,83,4.10,@ IND,IND
3,3257,Jacoby Brissett,QB,33.8,ARI,4,25.60,@ SF,SF
3,5844,T.J. Hockenson,TE,29.2,MIN,43,3.10,@ TB,TB
3,9482,Michael Mayer,TE,25.2,LV,13,12.20,@ NO,NO
3,5012,Mark Andrews,TE,31.0,BAL,33,5.40,@ DAL,DAL
3,1466,Travis Kelce,TE,37.0,KC,11,13.90,@ MIA,MIA
3,11610,Malik Washington,WR,25.7,MIA,39,11.10,vs KC,KC
3,13272,Carson Beck,QB,24.8,ARI,0,0.00,@ SF,SF
3,13317,Ted Hurst,WR,22.2,TB,40,11.00,vs MIN,MIN
3,8136,Rachaad White,RB,27.7,WAS,20,11.10,vs SEA,SEA
3,11603,AJ Barner,TE,24.4,SEA,14,11.90,@ WAS,WAS
3,13288,Nicholas Singleton,RB,22.7,TEN,999,0.00,@ NYG,NYG
3,5967,Tony Pollard,RB,29.4,TEN,16,13.60,@ NYG,NYG
3,11638,Ricky Pearsall,WR,26.0,SF,999,0.00,vs ARI,ARI
3,12509,Tre Harris,WR,24.6,LAC,28,13.60,@ BUF,BUF
3,4199,Aaron Jones,RB,31.8,MIN,14,14.20,@ TB,TB
3,13413,Cyrus Allen,WR,23.6,KC,999,0.00,@ MIA,MIA
3,10213,Tre Tucker,WR,25.5,LV,50,8.30,@ NO,NO
3,9511,Keaton Mitchell,RB,24.7,LAC,15,13.70,@ BUF,BUF
3,13320,Zachariah Branch,WR,22.5,ATL,109,1.70,@ GB,GB
3,8676,Rashid Shaheed,WR,28.1,SEA,91,3.40,@ WAS,WAS
3,9225,Tank Bigsby,RB,25.1,PHI,78,-0.50,@ CHI,CHI
3,11637,Keon Coleman,WR,23.4,BUF,77,4.70,vs LAC,LAC
3,10219,Chris Rodriguez,RB,26.0,JAX,26,9.70,vs NE,NE
3,12530,Travis Hunter,WR,23.4,JAX,999,0.00,vs NE,NE
3,12536,Jaylin Noel,WR,24.0,HOU,78,4.50,@ IND,IND
3,13421,Eli Raridon,TE,22.6,NE,0,0.00,@ JAX,JAX
3,11834,Devaughn Vele,WR,28.8,NO,64,6.90,vs LV,LV
3,9508,Tyjae Spears,RB,25.3,TEN,73,0.50,@ NYG,NYG
3,5001,Dalton Schultz,TE,30.2,HOU,32,6.00,@ IND,IND
3,12483,Jack Bech,WR,23.8,LV,999,0.00,@ NO,NO
3,3214,Hunter Henry,TE,31.8,NE,56,1.50,@ JAX,JAX
3,12469,Dylan Sampson,RB,22.0,CLE,999,0.00,vs CAR,CAR
3,13289,Drew Allar,QB,22.5,PIT,0,0.00,vs CIN,CIN
3,7600,Pat Freiermuth,TE,27.9,PIT,34,5.10,vs CIN,CIN
3,8210,Chigoziem Okonkwo,TE,27.0,WAS,0,0.00,vs SEA,SEA
3,12524,Shedeur Sanders,QB,24.6,CLE,999,0.00,vs CAR,CAR
3,13405,Kaytron Allen,RB,23.7,WAS,999,0.00,vs SEA,SEA
3,13268,Elijah Sarratt,WR,23.3,BAL,0,0.00,@ DAL,DAL
3,12535,Isaac TeSlaa,WR,24.6,DET,45,9.60,vs NYJ,NYJ
3,9502,Tank Dell,WR,26.9,HOU,999,0.00,@ IND,IND
3,7527,Mac Jones,QB,28.0,SF,999,0.00,vs ARI,ARI
3,1373,Geno Smith,QB,36.0,NYJ,3,26.04,@ DET,DET
3,12502,Gunnar Helm,TE,24.0,TEN,40,3.40,@ NYG,NYG
3,13347,Demond Claiborne,RB,23.0,MIN,77,0.10,@ TB,TB
3,12504,Kaleb Johnson,RB,23.1,GB,59,2.60,vs ATL,ATL
3,7571,Rashod Bateman,WR,26.8,BAL,70,5.70,@ DAL,DAL
3,11627,Troy Franklin,WR,23.6,DEN,94,3.10,vs LAR,LAR
3,8154,Brian Robinson,RB,27.5,ATL,21,11.00,@ GB,GB
3,12499,Elic Ayomanor,WR,23.3,TEN,103,2.10,@ NYG,NYG
3,8111,Cade Otton,TE,27.4,TB,22,8.60,vs MIN,MIN
3,5854,Drew Lock,QB,29.9,SEA,999,0.00,@ WAS,WAS
3,12497,Tory Horton,WR,23.8,SEA,55,7.80,@ WAS,WAS
3,1166,Kirk Cousins,QB,38.1,LV,11,22.22,@ NO,NO
3,11643,Jaylen Wright,RB,23.5,MIA,0,0.00,vs KC,KC
3,12547,Kyle Williams,WR,23.8,NE,79,4.40,@ JAX,JAX
3,9501,Demario Douglas,WR,25.8,NE,76,4.80,@ JAX,JAX
3,13402,Skyler Bell,WR,24.2,BUF,0,0.00,vs LAC,LAC
3,13353,Chris Brazzell II,WR,22.9,CAR,999,0.00,@ CLE,CLE
3,12521,Elijah Arroyo,TE,23.5,SEA,999,0.00,@ WAS,WAS
3,8180,Jalen Nailor,WR,27.6,LV,100,2.60,@ NO,NO
3,9757,Kendre Miller,RB,24.3,NO,47,3.90,vs LV,LV
3,10218,Xavier Hutchinson,WR,26.3,HOU,49,8.50,@ IND,IND
3,12498,Mason Taylor,TE,22.4,NYJ,0,0.00,@ DET,DET
3,11783,Ryan Flournoy,WR,26.9,DAL,81,4.20,vs BAL,BAL
3,11256,Tyson Bagent,QB,26.3,CHI,999,0.00,vs PHI,PHI
3,13411,Zavion Thomas,WR,22.6,CHI,114,1.10,vs PHI,PHI
3,6826,Cole Kmet,TE,27.5,CHI,999,0.00,vs PHI,PHI
3,13338,Kevin Coleman,WR,23.0,MIA,111,1.30,vs KC,KC
3,11630,Roman Wilson,WR,25.3,PIT,24,15.00,vs CIN,CIN
3,2307,Marcus Mariota,QB,32.9,WAS,14,20.42,vs SEA,SEA
3,6783,Jerry Jeudy,WR,27.4,CLE,999,0.00,vs CAR,CAR
3,11647,Kimani Vidal,RB,25.1,LAC,56,3.00,@ BUF,BUF
3,13303,Cade Klubnik,QB,23.0,NYJ,999,0.00,@ DET,DET
3,13278,Max Klare,TE,23.2,LAR,999,0.00,@ DEN,DEN
3,13319,Oscar Delp,TE,23.1,NO,999,0.00,vs LV,LV
3,4066,Evan Engram,TE,32.0,DEN,999,0.00,vs LAR,LAR
3,12048,George Holani,RB,26.8,SEA,22,10.80,@ WAS,WAS
3,13420,Bryce Lance,WR,24.1,NO,999,0.00,vs LV,LV
3,12510,Jalen Milroe,QB,23.8,SEA,0,0.00,@ WAS,WAS
3,8172,Greg Dulcich,TE,26.5,MIA,15,10.50,vs KC,KC
3,9506,Sean Tucker,RB,24.9,TB,999,0.00,vs MIN,MIN
3,13302,Adam Randall,RB,22.2,BAL,999,0.00,@ DAL,DAL
3,12495,Ollie Gordon,RB,22.7,MIA,13,14.50,vs KC,KC
3,7049,Jauan Jennings,WR,29.2,MIN,113,1.10,@ TB,TB
3,12467,Jordan James,RB,22.5,SF,999,0.00,vs ARI,ARI
3,12540,Chimere Dike,WR,24.8,TEN,116,-0.70,@ NYG,NYG
3,4033,David Njoku,TE,30.2,LAC,999,0.00,@ BUF,BUF
3,11565,J.J. McCarthy,QB,23.7,MIN,0,0.00,@ TB,TB
3,9494,Marvin Mims,WR,24.5,DEN,0,0.00,vs LAR,LAR
3,96,Aaron Rodgers,QB,42.8,PIT,8,23.68,vs CIN,CIN
3,11575,Ray Davis,RB,26.9,BUF,999,0.00,vs LAC,LAC
3,12485,Tez Johnson,WR,24.4,TB,107,1.80,vs MIN,MIN
3,13424,Seth McGowan,RB,24.9,IND,70,1.40,vs HOU,HOU
3,6768,Tua Tagovailoa,QB,28.6,ATL,999,0.00,@ GB,GB
3,12641,Jaylin Lane,WR,24.4,WAS,95,3.10,vs SEA,SEA
3,12544,LeQuint Allen,RB,22.1,JAX,57,2.90,vs NE,NE
3,11655,Tyrone Tracy,RB,26.8,NYG,74,0.30,vs TEN,TEN
3,12472,Raheim Sanders,RB,24.3,CLE,29,9.10,vs CAR,CAR
3,12531,Trevor Etienne,RB,22.2,CAR,999,0.00,@ CLE,CLE
3,9229,Anthony Richardson,QB,24.3,IND,999,0.00,vs HOU,HOU
3,13425,Jalon Daniels,QB,23.9,TB,34,-0.10,vs MIN,MIN
3,6865,Colby Parkinson,TE,27.7,LAR,999,0.00,@ DEN,DEN
3,4035,Alvin Kamara,RB,31.2,NO,43,5.10,vs LV,LV
3,11370,Chris Brooks,RB,26.7,GB,67,1.40,vs ATL,ATL
3,9479,Darnell Washington,TE,25.1,PIT,18,9.70,vs CIN,CIN
3,11571,Isaiah Davis,RB,24.6,NYJ,999,0.00,@ DET,DET
3,11597,Theo Johnson,TE,25.6,NYG,999,0.00,vs TEN,TEN
3,3161,Carson Wentz,QB,33.7,MIN,999,0.00,@ TB,TB
3,8698,Jake Tonges,TE,27.2,SF,999,0.00,vs ARI,ARI
3,8188,Tyquan Thornton,WR,26.1,KC,82,4.20,@ MIA,MIA
3,12503,Isaiah Bond,WR,22.5,CLE,999,0.00,vs CAR,CAR
3,11626,Xavier Legette,WR,25.6,CAR,0,0.00,@ CLE,CLE
3,13533,Barion Brown,WR,22.8,NO,0,0.00,vs LV,LV
3,12471,DJ Giddens,RB,23.1,IND,0,0.00,vs HOU,HOU
3,8205,Isiah Pacheco,RB,27.6,DET,999,0.00,vs NYJ,NYJ
3,12541,Dont'e Thornton,WR,23.8,LV,999,0.00,@ NO,NO
3,8800,Malik Davis,RB,27.8,DAL,999,0.00,vs BAL,BAL
3,13380,Brenen Thompson,WR,23.2,LAC,0,0.00,@ BUF,BUF
3,12455,Brashard Smith,RB,23.4,KC,68,1.40,@ MIA,MIA
3,5906,Dawson Knox,TE,29.8,BUF,57,1.50,vs LAC,LAC
3,7670,Joshua Palmer,WR,27.0,BUF,999,0.00,vs LAC,LAC
3,4039,Cooper Kupp,WR,33.3,SEA,26,14.60,@ WAS,WAS
3,13329,Malik Benson,WR,23.9,LV,999,0.00,@ NO,NO
3,12505,Jalen Royals,WR,23.6,KC,104,2.10,@ MIA,MIA
3,12511,Will Howard,QB,25.0,PIT,0,0.00,vs CIN,CIN
3,7090,Darnell Mooney,WR,28.9,NYG,75,4.90,vs TEN,TEN
3,1479,Keenan Allen,WR,34.4,IND,19,18.30,vs HOU,HOU
3,13306,Taylen Green,QB,23.9,CLE,0,0.00,vs CAR,CAR
3,11589,Trey Benson,RB,24.2,ARI,999,0.00,@ SF,SF
3,11435,Emanuel Wilson,RB,27.4,SEA,69,1.40,@ WAS,WAS
3,10235,Roschon Johnson,RB,25.6,CHI,999,0.00,vs PHI,PHI
3,4017,Deshaun Watson,QB,31.0,CLE,15,20.26,vs CAR,CAR
3,7528,Najee Harris,RB,28.5,NYG,42,5.20,vs TEN,TEN
3,8119,Jahan Dotson,WR,26.5,ATL,102,2.10,@ GB,GB
3,13423,Eli Heidenreich,RB,23.2,PIT,0,0.00,vs CIN,CIN
3,7591,Justin Fields,QB,27.6,KC,999,0.00,@ MIA,MIA
3,11600,Ja'Tavion Sanders,TE,23.5,CAR,0,0.00,@ CLE,CLE
3,4950,Christian Kirk,WR,29.8,SF,999,0.00,vs ARI,ARI
3,4993,Mike Gesicki,TE,31.0,CIN,12,12.70,@ PIT,PIT
3,5995,Justice Hill,RB,28.8,BAL,52,3.30,@ DAL,DAL
3,10226,Andrei Iosivas,WR,26.9,CIN,999,0.00,@ PIT,PIT
3,11577,Will Shipley,RB,24.1,PHI,63,2.10,@ CHI,CHI
3,13602,Jack Strand,QB,22.2,ATL,0,0.00,@ GB,GB
3,8117,Jalen Tolbert,WR,27.6,MIA,999,0.00,vs KC,KC
3,12482,Savion Williams,WR,24.8,GB,999,0.00,vs ATL,ATL
3,11596,Ben Sinnott,TE,24.3,WAS,999,0.00,vs SEA,SEA
3,13400,Justin Joly,TE,22.2,MIA,999,0.00,vs KC,KC
3,12543,Tahj Brooks,RB,24.4,CIN,999,0.00,@ PIT,PIT
3,9481,Luke Musgrave,TE,26.0,GB,999,0.00,vs ATL,ATL
3,4981,Calvin Ridley,WR,31.8,TEN,999,0.00,@ NYG,NYG
3,11557,Joe Milton,QB,26.6,DAL,999,0.00,vs BAL,BAL
3,13404,Garrett Nussmeier,QB,24.6,KC,0,0.00,@ MIA,MIA
3,8127,Charlie Kolar,TE,27.6,LAC,0,0.00,@ BUF,BUF
3,6130,Devin Singletary,RB,29.0,NYG,0,0.00,vs TEN,TEN
3,11592,Erick All,TE,26.0,CIN,999,0.00,@ PIT,PIT
3,5857,Noah Fant,TE,28.8,NO,7,19.30,vs LV,LV
3,11579,Audric Estime,RB,23.0,NO,0,0.00,vs LV,LV
3,4454,Kendrick Bourne,WR,31.1,ARI,80,4.20,@ SF,SF
3,13079,Jahdae Walker,WR,24.2,CHI,999,0.00,vs PHI,PHI
3,11650,Luke McCaffrey,WR,25.5,WAS,999,0.00,vs SEA,SEA
3,12500,Quinn Ewers,QB,23.4,JAX,999,0.00,vs NE,NE
3,7828,Noah Gray,TE,27.4,KC,28,6.90,@ MIA,MIA
3,12470,Riley Leonard,QB,24.0,IND,0,0.00,vs HOU,HOU
3,7562,Tutu Atwell,WR,27.0,LAR,0,0.00,@ DEN,DEN
3,8147,John Metchie,WR,26.2,CAR,44,9.90,@ CLE,CLE
3,8135,Treylon Burks,WR,26.5,WAS,46,9.30,vs SEA,SEA
3,11569,Jarquez Hunter,RB,23.7,MIA,999,0.00,vs KC,KC
3,11629,Devontez Walker,WR,25.3,BAL,999,0.00,@ DAL,DAL
3,11237,Jacob Saylors,RB,25.5,DET,999,0.00,vs NYJ,NYJ
3,13333,Deion Burks,WR,23.7,IND,999,0.00,vs HOU,HOU
3,4137,James Conner,RB,31.4,ARI,999,0.00,@ SF,SF
3,11623,Jordan Whittington,WR,26.0,LAR,999,0.00,@ DEN,DEN
3,13307,Marlin Klein,TE,24.0,HOU,999,0.00,@ IND,IND
3,12457,Jaydon Blue,RB,22.7,PHI,999,0.00,@ CHI,CHI
3,13324,Matthew Hibner,TE,24.5,BAL,16,10.30,@ DAL,DAL
3,11199,Emari Demercado,RB,27.7,DAL,0,0.00,vs BAL,BAL
3,2505,Darren Waller,TE,34.0,CAR,17,10.10,@ CLE,CLE
3,13477,Colbie Young,WR,24.2,CIN,112,1.20,@ PIT,PIT
3,13270,CJ Daniels,WR,24.7,LAR,0,0.00,@ DEN,DEN
3,11562,Spencer Rattler,QB,26.0,NO,999,0.00,vs LV,LV
3,2306,Jameis Winston,QB,32.7,NYG,31,6.12,vs TEN,TEN
3,12670,KeAndre Lambert-Smith,WR,24.9,LAC,999,0.00,@ BUF,BUF
3,12496,Tai Felton,WR,23.5,MIN,999,0.00,@ TB,TB
3,4177,Mack Hollins,WR,33.0,NE,25,14.70,@ JAX,JAX
3,11994,Kameron Johnson,WR,24.5,TB,999,0.00,vs MIN,MIN
3,5848,Marquise Brown,WR,29.3,PHI,0,0.00,@ CHI,CHI
3,8225,Daniel Bellinger,TE,26.0,TEN,39,3.60,@ NYG,NYG
3,7694,Tommy Tremble,TE,26.3,CAR,26,7.10,@ CLE,CLE
3,12523,Jimmy Horn,WR,24.0,CLE,999,0.00,vs CAR,CAR
3,10444,Cedric Tillman,WR,26.4,NO,999,0.00,vs LV,LV
3,11599,Cade Stover,TE,26.3,HOU,999,0.00,@ IND,IND
3,7587,Dyami Brown,WR,26.9,WAS,999,0.00,vs SEA,SEA
3,12718,Konata Mumpfield,WR,23.9,LAR,17,19.30,@ DEN,DEN
3,6039,Ty Johnson,RB,29.0,BUF,30,9.00,vs LAC,LAC
3,11729,Sione Vaki,RB,25.2,DET,46,4.70,vs NYJ,NYJ
3,3271,Tyler Higbee,TE,33.7,LAR,6,20.20,@ DEN,DEN
3,6271,Olamide Zaccheaus,WR,29.2,ATL,98,2.90,@ GB,GB
3,9492,Trey Palmer,WR,25.5,NO,999,0.00,vs LV,LV
3,12476,Devin Neal,RB,23.1,FA,0,0.00,NA,NA
3,11616,Jacob Cowing,WR,25.6,SF,999,0.00,vs ARI,ARI
3,13394,Josh Cameron,WR,23.5,JAX,51,8.20,vs NE,NE
3,13282,Jack Endries,TE,22.5,CIN,0,0.00,@ PIT,PIT
3,12634,Jordan Watkins,WR,24.6,SF,53,8.00,vs ARI,ARI
3,7596,Elijah Moore,WR,26.5,PHI,999,0.00,@ CHI,CHI
3,13348,J'Mari Taylor,RB,24.6,JAX,999,0.00,vs NE,NE
3,11570,Rasheen Ali,RB,25.6,BAL,999,0.00,@ DAL,DAL
3,10225,Jonathan Mingo,WR,25.4,DAL,999,0.00,vs BAL,BAL
3,11617,Malachi Corley,WR,24.5,CLE,117,-2.00,vs CAR,CAR
3,11651,Isaac Guerendo,RB,26.2,SF,999,0.00,vs ARI,ARI
3,13408,Tanner Koziol,TE,23.6,JAX,999,0.00,vs NE,NE
3,12486,Dillon Gabriel,QB,25.7,CLE,999,0.00,vs CAR,CAR
3,13401,Michael Trigg,TE,24.2,DAL,999,0.00,vs BAL,BAL
3,7083,Tyler Huntley,QB,28.6,BAL,999,0.00,@ DAL,DAL
3,7585,Davis Mills,QB,27.9,HOU,999,0.00,@ IND,IND
3,5970,Greg Dortch,WR,28.3,BUF,999,0.00,vs LAC,LAC
3,12473,Mitchell Evans,TE,23.5,CAR,30,6.60,@ CLE,CLE
3,8125,Calvin Austin III,WR,27.5,NYG,999,0.00,vs TEN,TEN
3,9497,Jalin Hyatt,WR,25.0,NYG,999,0.00,vs TEN,TEN
3,11439,Jaleel McLaughlin,RB,26.0,CLE,999,0.00,vs CAR,CAR
3,12520,Xavier Restrepo,WR,24.4,TEN,999,0.00,@ NYG,NYG
3,6943,Gabriel Davis,WR,27.5,FA,0,0.00,NA,NA
3,10871,Luke Schoonmaker,TE,28.0,DAL,51,1.90,vs BAL,BAL
3,12542,Efton Chism,WR,24.9,NE,108,1.74,@ JAX,JAX
3,13322,Sam Roush,TE,23.0,CHI,48,2.60,vs PHI,PHI
3,4147,Samaje Perine,RB,31.0,CIN,62,2.40,@ PIT,PIT
3,12516,Kalel Mullings,RB,24.0,TEN,999,0.00,@ NYG,NYG
3,10231,Elijah Higgins,TE,25.9,ARI,35,5.00,@ SF,SF
3,3321,Tyreek Hill,WR,32.6,FA,0,0.00,NA,NA
3,8917,KaVontae Turpin,WR,30.1,DAL,48,8.80,vs BAL,BAL
3,8162,Sam Howell,QB,26.0,DAL,999,0.00,vs BAL,BAL
3,8168,Skyy Moore,WR,26.0,GB,66,6.10,vs ATL,ATL
3,7610,Trey Lance,QB,26.4,LAC,999,0.00,@ BUF,BUF
3,9230,Tanner McKee,QB,26.4,PHI,0,0.00,@ CHI,CHI
3,8118,David Bell,WR,25.8,FA,0,0.00,NA,NA
3,8122,Bam Knight,RB,25.4,ARI,999,0.00,@ SF,SF
3,11645,Javon Baker,WR,24.6,FA,0,0.00,NA,NA
3,12738,Phil Mafah,RB,23.9,NYG,999,0.00,vs TEN,TEN
3,8207,Tyler Goodson,RB,25.9,DAL,58,2.70,vs BAL,BAL
3,11573,Frank Gore Jr.,RB,24.5,BUF,999,0.00,vs LAC,LAC
3,6011,Gardner Minshew,QB,30.4,ARI,999,0.00,@ SF,SF
3,8208,Tyler Badie,RB,26.6,DEN,61,2.40,vs LAR,LAR
3,7496,Nick Westbrook-Ikhine,WR,29.5,IND,999,0.00,vs HOU,HOU
3,8204,Bo Melton,WR,27.4,GB,999,0.00,vs ATL,ATL
3,8143,Jerome Ford,RB,27.0,MIN,999,0.00,@ TB,TB
3,10214,Davis Allen,TE,25.6,LAR,36,3.90,@ DEN,DEN
3,13300,Le'Veon Moss,RB,23.8,UD,0,0.00,NA,NA
3,6803,Brandon Aiyuk,WR,28.5,SF,999,0.00,vs ARI,ARI
3,11595,Jared Wiley,TE,25.9,KC,0,0.00,@ MIA,MIA
3,12539,Arian Smith,WR,25.0,NYJ,999,0.00,@ DET,DET
3,8129,Dameon Pierce,RB,26.6,PHI,999,0.00,@ CHI,CHI
3,11895,Mason Tipton,WR,26.0,NO,999,0.00,vs LV,LV
3,1737,Case Keenum,QB,38.0,CHI,7,24.48,vs PHI,PHI
3,3634,Kalif Raymond,WR,32.1,CHI,9,21.00,vs PHI,PHI
3,7568,Brevin Jordan,TE,26.2,HOU,0,0.00,@ IND,IND