TM,w1,w2,w3,QB,QBx,QBrk,QBvs,QBvX,QBvRK,RB,RBx,RBrk,RBvs,RBvX,RBvRK,WR,WRx,WRrk,WRvs,WRvX,WRvRK,TE,TEx,TErk,TEvs,TEvX,TEvRK,ALL,ALLx,ALLrk,ALLvs,ALLvX,ALLvRK
ARI,LAC,SEA,SF,66.9,22.3,4,61.3,20.4,6,49.2,16.4,25,55.6,18.5,21,117.1,39.0,2,55.6,18.5,21,52.8,17.6,5,35.3,11.8,16,286.0,95.3,3,255.5,85.2,9
ATL,PIT,CAR,GB,55.7,18.6,12,56.0,18.7,11,38.7,12.9,29,47.8,15.9,30,110.2,36.7,6,47.8,15.9,30,48.0,16.0,6,40.3,13.4,11,252.6,84.2,14,246.1,82.0,13
BAL,IND,NO,DAL,51.4,17.1,21,55.9,18.6,12,61.4,20.5,14,58.9,19.6,15,109.2,36.4,7,58.9,19.6,15,33.9,11.3,18,52.8,17.6,4,255.9,85.3,11,275.5,91.8,5
BUF,HOU,DET,LAC,60.0,20.0,9,49.5,16.5,23,82.5,27.5,6,75.1,25.0,6,114.1,38.0,4,75.1,25.0,6,28.1,9.4,22,36.7,12.2,12,284.7,94.9,4,249.0,83.0,12
CAR,CHI,ATL,CLE,59.9,20.0,10,50.9,17.0,21,91.6,30.5,1,77.2,25.7,4,65.9,22.0,30,77.2,25.7,4,38.1,12.7,14,22.3,7.4,28,255.5,85.2,12,230.4,76.8,20
CHI,CAR,MIN,PHI,54.8,18.3,13,55.7,18.6,13,53.2,17.7,21,50.7,16.9,26,78.5,26.2,22,50.7,16.9,26,18.1,6.0,28,35.2,11.7,17,204.6,68.2,25,228.6,76.2,23
CIN,TB,HOU,PIT,52.3,17.4,19,41.1,13.7,29,56.6,18.9,19,55.1,18.4,22,77.7,25.9,24,55.1,18.4,22,46.4,15.5,9,36.4,12.1,13,233.0,77.7,18,211.3,70.4,27
CLE,JAX,TB,CAR,53.9,18.0,15,54.7,18.2,15,44.6,14.9,28,57.0,19.0,18,87.7,29.2,15,57.0,19.0,18,42.9,14.3,10,33.7,11.2,19,229.1,76.4,20,243.3,81.1,16
DAL,NYG,WAS,BAL,70.5,23.5,3,53.3,17.8,19,75.0,25.0,8,66.8,22.3,8,81.4,27.1,19,66.8,22.3,8,47.0,15.7,8,28.1,9.4,24,273.9,91.3,6,230.1,76.7,21
DEN,KC,JAX,LAR,52.7,17.6,17,59.5,19.8,8,83.7,27.9,5,75.3,25.1,5,82.3,27.4,18,75.3,25.1,5,41.3,13.8,12,43.8,14.6,8,260.0,86.7,9,279.6,93.2,3
DET,NO,BUF,NYJ,92.1,30.7,1,73.1,24.4,1,57.9,19.3,16,58.4,19.5,17,112.6,37.5,5,58.4,19.5,17,82.2,27.4,1,59.7,19.9,1,344.8,114.9,1,288.3,96.1,1
GB,MIN,NYJ,ATL,50.5,16.8,22,37.9,12.6,31,90.9,30.3,2,69.4,23.1,7,95.3,31.8,12,69.4,23.1,7,18.8,6.3,26,22.3,7.4,28,255.5,85.2,13,201.1,67.0,30
HOU,BUF,CIN,IND,60.7,20.2,8,60.4,20.1,7,35.2,11.7,31,59.3,19.8,14,116.9,39.0,3,59.3,19.8,14,36.9,12.3,15,43.1,14.4,9,249.7,83.2,15,253.7,84.6,10
IND,BAL,KC,HOU,65.6,21.9,5,58.3,19.4,10,84.3,28.1,4,81.7,27.2,2,92.2,30.7,14,81.7,27.2,2,42.3,14.1,11,46.1,15.4,5,284.4,94.8,5,265.5,88.5,7
JAX,CLE,DEN,NE,35.9,12.0,30,43.1,14.4,28,46.6,15.5,26,46.9,15.6,31,92.4,30.8,13,46.9,15.6,31,8.3,2.8,32,27.0,9.0,25,183.2,61.1,31,190.1,63.4,31
KC,DEN,IND,MIA,29.8,9.9,32,39.7,13.2,30,57.1,19.0,17,53.7,17.9,24,55.3,18.4,32,53.7,17.9,24,39.2,13.1,13,24.8,8.3,26,181.4,60.5,32,189.0,63.0,32
LV,MIA,LAC,NO,52.4,17.5,18,50.5,16.8,22,50.9,17.0,23,50.3,16.8,27,68.3,22.8,29,50.3,16.8,27,63.2,21.1,2,44.5,14.8,7,234.8,78.3,17,230.1,76.7,22
LAC,ARI,LV,BUF,57.2,19.1,11,68.3,22.8,3,61.4,20.5,15,64.5,21.5,10,78.7,26.2,21,64.5,21.5,10,35.1,11.7,16,58.5,19.5,2,232.4,77.5,19,267.2,89.1,6
LAR,SF,NYG,DEN,51.6,17.2,20,55.1,18.4,14,52.2,17.4,22,61.0,20.3,12,79.3,26.4,20,61.0,20.3,12,11.5,3.8,31,35.2,11.7,18,194.6,64.9,29,222.7,74.2,24
MIA,LV,SF,KC,61.0,20.3,7,69.8,23.3,2,87.8,29.3,3,79.9,26.6,3,63.5,21.2,31,79.9,26.6,3,48.0,16.0,6,53.1,17.7,3,260.3,86.8,8,281.5,93.8,2
MIN,GB,CHI,TB,43.5,14.5,25,54.5,18.2,16,38.1,12.7,30,56.2,18.7,19,105.2,35.1,10,56.2,18.7,19,21.3,7.1,24,22.3,7.4,28,208.1,69.4,23,242.3,80.8,17
NE,SEA,PIT,JAX,39.1,13.0,29,53.2,17.7,20,56.7,18.9,18,49.8,16.6,28,97.5,32.5,11,49.8,16.6,28,18.6,6.2,27,29.8,9.9,22,211.9,70.6,22,244.7,81.6,15
NO,DET,BAL,LV,54.5,18.2,14,62.0,20.7,4,81.6,27.2,7,88.7,29.6,1,75.6,25.2,25,88.7,29.6,1,60.5,20.2,3,42.2,14.1,10,272.2,90.7,7,276.9,92.3,4
NYG,DAL,LAR,TEN,53.8,17.9,16,54.1,18.0,17,64.9,21.6,10,55.7,18.6,20,105.7,35.2,9,55.7,18.6,20,34.4,11.5,17,36.3,12.1,14,258.8,86.3,10,250.4,83.5,11
NYJ,TEN,GB,DET,44.9,15.0,24,53.8,17.9,18,70.3,23.4,9,59.7,19.9,13,82.7,27.6,17,59.7,19.9,13,19.4,6.5,25,24.3,8.1,27,217.3,72.4,21,245.0,81.7,14
PHI,WAS,TEN,CHI,62.2,20.7,6,58.8,19.6,9,50.3,16.8,24,61.9,20.6,11,108.0,36.0,8,61.9,20.6,11,16.6,5.5,30,16.1,5.4,32,237.1,79.0,16,239.5,79.8,18
PIT,ATL,NE,CIN,39.3,13.1,28,35.6,11.9,32,62.9,21.0,11,65.1,21.7,9,78.0,26.0,23,65.1,21.7,9,23.7,7.9,23,21.1,7.0,31,203.9,68.0,27,203.4,67.8,29
SF,LAR,MIA,ARI,43.2,14.4,26,48.9,16.3,24,61.8,20.6,13,58.5,19.5,16,69.5,23.2,28,58.5,19.5,16,30.3,10.1,21,45.6,15.2,6,204.8,68.3,24,232.6,77.5,19
SEA,NE,ARI,WAS,40.7,13.6,27,46.2,15.4,27,44.7,14.9,27,54.3,18.1,23,71.5,23.8,27,54.3,18.1,23,31.9,10.6,20,31.9,10.6,20,188.8,62.9,30,221.9,74.0,25
TB,CIN,CLE,MIN,46.3,15.4,23,48.8,16.3,25,53.3,17.8,20,48.1,16.0,29,72.3,24.1,26,48.1,16.0,29,32.3,10.8,19,31.7,10.6,21,204.2,68.1,26,209.6,69.9,28
TEN,NYJ,PHI,NYG,33.6,11.2,31,48.2,16.1,26,62.0,20.7,12,52.8,17.6,25,86.5,28.8,16,52.8,17.6,25,17.9,6.0,29,35.6,11.9,15,200.0,66.7,28,212.2,70.7,26
WAS,PHI,DAL,SEA,84.1,28.0,2,61.7,20.6,5,33.7,11.2,32,45.9,15.3,32,140.0,46.7,1,45.9,15.3,32,55.9,18.6,4,29.1,9.7,23,313.7,104.6,2,260.2,86.7,8