Team,TM,G,QB,QBRK,QBx,RB,RBRK,RBx,WR,WRRK,WRx,TE,TERK,TEx,ALL,ALLRK,ALLx
Arizona Cardinals,ARI,3,49.6,20,16.5,62.6,11,20.9,74.4,24,24.8,65.1,2,21.7,251.7,11,83.9
Atlanta Falcons,ATL,3,16.0,32,5.3,100.5,2,33.5,61.7,30,20.6,4.0,32,1.3,182.2,28,60.7
Baltimore Ravens,BAL,3,61.2,11,20.4,85.8,5,28.6,76.7,20,25.6,37.8,15,12.6,261.5,10,87.2
Buffalo Bills,BUF,3,95.9,1,32.0,59.5,14,19.8,90.8,12,30.3,56.0,5,18.7,302.2,4,100.7
Carolina Panthers,CAR,3,73.2,3,24.4,62.4,12,20.8,97.8,10,32.6,58.0,3,19.3,291.4,5,97.1
Chicago Bears,CHI,3,72.6,4,24.2,87.4,4,29.1,65.6,28,21.9,24.4,23,8.1,250.0,12,83.3
Cincinnati Bengals,CIN,3,53.9,17,18.0,52.5,22,17.5,106.7,7,35.6,34.0,18,11.3,247.1,14,82.4
Cleveland Browns,CLE,3,55.0,15,18.3,43.8,26,14.6,66.0,27,22.0,38.6,14,12.9,203.4,23,67.8
Dallas Cowboys,DAL,3,64.1,9,21.4,54.7,19,18.2,130.3,3,43.4,36.3,16,12.1,285.4,8,95.1
Denver Broncos,DEN,3,46.7,21,15.6,54.4,20,18.1,77.1,19,25.7,17.0,30,5.7,195.2,26,65.1
Detroit Lions,DET,3,65.6,7,21.9,108.8,1,36.3,112.7,6,37.6,34.4,17,11.5,321.5,2,107.2
Green Bay Packers,GB,3,53.8,18,17.9,29.8,32,9.9,130.8,2,43.6,19.6,27,6.5,234.0,16,78.0
Houston Texans,HOU,3,45.2,22,15.1,62.7,10,20.9,73.7,25,24.6,42.9,10,14.3,224.5,19,74.8
Indianapolis Colts,IND,3,31.3,30,10.4,65.9,9,22.0,75.2,23,25.1,39.4,13,13.1,211.8,22,70.6
Jacksonville Jaguars,JAX,3,54.0,16,18.0,57.2,16,19.1,102.4,9,34.1,20.2,26,6.7,233.8,17,77.9
Kansas City Chiefs,KC,3,68.6,6,22.9,96.6,3,32.2,87.8,13,29.3,57.5,4,19.2,310.5,3,103.5
Las Vegas Raiders,LV,3,59.2,12,19.7,71.5,8,23.8,62.7,29,20.9,54.3,6,18.1,247.7,13,82.6
Los Angeles Chargers,LAC,3,37.9,26,12.6,53.9,21,18.0,76.6,21,25.5,32.8,19,10.9,201.2,24,67.1
Los Angeles Rams,LAR,3,56.0,14,18.7,72.1,6,24.0,104.4,8,34.8,53.7,7,17.9,286.2,7,95.4
Miami Dolphins,MIA,3,41.2,25,13.7,40.8,30,13.6,59.9,31,20.0,18.0,29,6.0,159.9,32,53.3
Minnesota Vikings,MIN,3,37.6,27,12.5,47.9,25,16.0,70.1,26,23.4,22.6,25,7.5,178.2,30,59.4
New England Patriots,NE,3,27.6,31,9.2,42.4,27,14.1,76.3,22,25.4,25.3,21,8.4,171.6,31,57.2
New Orleans Saints,NO,3,72.4,5,24.1,56.1,18,18.7,118.0,4,39.3,82.7,1,27.6,329.2,1,109.7
New York Giants,NYG,3,37.1,28,12.4,56.8,17,18.9,51.4,32,17.1,41.3,11,13.8,186.6,27,62.2
New York Jets,NYJ,3,50.9,19,17.0,59.7,13,19.9,82.6,16,27.5,40.4,12,13.5,233.6,18,77.9
Philadelphia Eagles,PHI,3,56.5,13,18.8,41.8,28,13.9,92.9,11,31.0,25.1,22,8.4,216.3,20,72.1
Pittsburgh Steelers,PIT,3,41.2,24,13.7,51.1,24,17.0,77.5,18,25.8,43.3,9,14.4,213.1,21,71.0
San Francisco 49ers,SF,3,81.7,2,27.2,71.7,7,23.9,85.6,14,28.5,47.4,8,15.8,286.4,6,95.5
Seattle Seahawks,SEA,3,64.4,8,21.5,41.1,29,13.7,147.7,1,49.2,25.8,20,8.6,278.9,9,93.0
Tampa Bay Buccaneers,TB,3,37.0,29,12.3,51.4,23,17.1,85.0,15,28.3,23.0,24,7.7,196.4,25,65.5
Tennessee Titans,TEN,3,42.2,23,14.1,40.4,31,13.5,78.3,17,26.1,18.8,28,6.3,179.7,29,59.9
Washington Commanders,WAS,3,61.6,10,20.5,57.8,15,19.3,117.8,5,39.3,5.2,31,1.7,242.4,15,80.8